file_no,datfile,datfile_stem,geode_folder,geode_folder_date,geode_file_path,read_ok,read_format,error,n_traces,sampling_rate_hz,npts_first_trace,duration_s_first_trace,geode_laptop_starttime,geode_laptop_starttime_iso,geode_laptop_starttime_epoch,geode_time_source
1001,1001.dat,1001,LBS_051626,2026-05-16,/Volumes/tachyon/LBSSP_DATA/GEODE_DATA/LBS_051626/1001.dat,True,SEG2,,24,2000.0,4000,1.9995,2026-05-16 13:12:26,2026-05-16T13:12:26,1778937146.0,obspy_trace_stats_starttime
1002,1002.dat,1002,LBS_051626,2026-05-16,/Volumes/tachyon/LBSSP_DATA/GEODE_DATA/LBS_051626/1002.dat,True,SEG2,,24,2000.0,4000,1.9995,2026-05-16 14:20:53,2026-05-16T14:20:53,1778941253.0,obspy_trace_stats_starttime
1003,1003.dat,1003,LBS_051626,2026-05-16,/Volumes/tachyon/LBSSP_DATA/GEODE_DATA/LBS_051626/1003.dat,True,SEG2,,24,2000.0,4000,1.9995,2026-05-16 14:24:44,2026-05-16T14:24:44,1778941484.0,obspy_trace_stats_starttime
1004,1004.dat,1004,LBS_051626,2026-05-16,/Volumes/tachyon/LBSSP_DATA/GEODE_DATA/LBS_051626/1004.dat,True,SEG2,,24,2000.0,4000,1.9995,2026-05-16 14:28:19,2026-05-16T14:28:19,1778941699.0,obspy_trace_stats_starttime
1005,1005.dat,1005,LBS_051626,2026-05-16,/Volumes/tachyon/LBSSP_DATA/GEODE_DATA/LBS_051626/1005.dat,True,SEG2,,24,2000.0,4000,1.9995,2026-05-16 14:32:02,2026-05-16T14:32:02,1778941922.0,obspy_trace_stats_starttime
1006,1006.dat,1006,LBS_051626,2026-05-16,/Volumes/tachyon/LBSSP_DATA/GEODE_DATA/LBS_051626/1006.dat,True,SEG2,,24,2000.0,4000,1.9995,2026-05-16 14:34:29,2026-05-16T14:34:29,1778942069.0,obspy_trace_stats_starttime
1007,1007.dat,1007,LBS_051626,2026-05-16,/Volumes/tachyon/LBSSP_DATA/GEODE_DATA/LBS_051626/1007.dat,True,SEG2,,24,2000.0,4000,1.9995,2026-05-16 14:39:22,2026-05-16T14:39:22,1778942362.0,obspy_trace_stats_starttime
1008,1008.dat,1008,LBS_051626,2026-05-16,/Volumes/tachyon/LBSSP_DATA/GEODE_DATA/LBS_051626/1008.dat,True,SEG2,,24,2000.0,4000,1.9995,2026-05-16 14:43:41,2026-05-16T14:43:41,1778942621.0,obspy_trace_stats_starttime
1009,1009.dat,1009,LBS_051626,2026-05-16,/Volumes/tachyon/LBSSP_DATA/GEODE_DATA/LBS_051626/1009.dat,True,SEG2,,24,2000.0,4000,1.9995,2026-05-16 14:46:26,2026-05-16T14:46:26,1778942786.0,obspy_trace_stats_starttime
1010,1010.dat,1010,LBS_051626,2026-05-16,/Volumes/tachyon/LBSSP_DATA/GEODE_DATA/LBS_051626/1010.dat,True,SEG2,,24,2000.0,4000,1.9995,2026-05-16 14:49:43,2026-05-16T14:49:43,1778942983.0,obspy_trace_stats_starttime
1011,1011.dat,1011,LBS_051626,2026-05-16,/Volumes/tachyon/LBSSP_DATA/GEODE_DATA/LBS_051626/1011.dat,True,SEG2,,24,2000.0,4000,1.9995,2026-05-16 14:53:14,2026-05-16T14:53:14,1778943194.0,obspy_trace_stats_starttime
1012,1012.dat,1012,LBS_051626,2026-05-16,/Volumes/tachyon/LBSSP_DATA/GEODE_DATA/LBS_051626/1012.dat,True,SEG2,,24,2000.0,4000,1.9995,2026-05-16 14:56:24,2026-05-16T14:56:24,1778943384.0,obspy_trace_stats_starttime
1013,1013.dat,1013,LBS_051626,2026-05-16,/Volumes/tachyon/LBSSP_DATA/GEODE_DATA/LBS_051626/1013.dat,True,SEG2,,24,2000.0,4000,1.9995,2026-05-16 15:00:13,2026-05-16T15:00:13,1778943613.0,obspy_trace_stats_starttime
1014,1014.dat,1014,LBS_051626,2026-05-16,/Volumes/tachyon/LBSSP_DATA/GEODE_DATA/LBS_051626/1014.dat,True,SEG2,,24,2000.0,4000,1.9995,2026-05-16 15:03:09,2026-05-16T15:03:09,1778943789.0,obspy_trace_stats_starttime
1015,1015.dat,1015,LBS_051626,2026-05-16,/Volumes/tachyon/LBSSP_DATA/GEODE_DATA/LBS_051626/1015.dat,True,SEG2,,24,2000.0,4000,1.9995,2026-05-16 15:06:12,2026-05-16T15:06:12,1778943972.0,obspy_trace_stats_starttime
1016,1016.dat,1016,LBS_051626,2026-05-16,/Volumes/tachyon/LBSSP_DATA/GEODE_DATA/LBS_051626/1016.dat,True,SEG2,,24,2000.0,4000,1.9995,2026-05-16 15:08:46,2026-05-16T15:08:46,1778944126.0,obspy_trace_stats_starttime
1017,1017.dat,1017,LBS_051626,2026-05-16,/Volumes/tachyon/LBSSP_DATA/GEODE_DATA/LBS_051626/1017.dat,True,SEG2,,24,2000.0,4000,1.9995,2026-05-16 15:11:38,2026-05-16T15:11:38,1778944298.0,obspy_trace_stats_starttime
1018,1018.dat,1018,LBS_051626,2026-05-16,/Volumes/tachyon/LBSSP_DATA/GEODE_DATA/LBS_051626/1018.dat,True,SEG2,,24,2000.0,4000,1.9995,2026-05-16 15:15:26,2026-05-16T15:15:26,1778944526.0,obspy_trace_stats_starttime
1019,1019.dat,1019,LBS_051626,2026-05-16,/Volumes/tachyon/LBSSP_DATA/GEODE_DATA/LBS_051626/1019.dat,True,SEG2,,24,2000.0,4000,1.9995,2026-05-16 15:17:34,2026-05-16T15:17:34,1778944654.0,obspy_trace_stats_starttime
1020,1020.dat,1020,LBS_051626,2026-05-16,/Volumes/tachyon/LBSSP_DATA/GEODE_DATA/LBS_051626/1020.dat,True,SEG2,,24,2000.0,4000,1.9995,2026-05-16 15:21:02,2026-05-16T15:21:02,1778944862.0,obspy_trace_stats_starttime
1021,1021.dat,1021,LBS_051626,2026-05-16,/Volumes/tachyon/LBSSP_DATA/GEODE_DATA/LBS_051626/1021.dat,True,SEG2,,24,2000.0,4000,1.9995,2026-05-16 15:24:44,2026-05-16T15:24:44,1778945084.0,obspy_trace_stats_starttime
1022,1022.dat,1022,LBS_051626,2026-05-16,/Volumes/tachyon/LBSSP_DATA/GEODE_DATA/LBS_051626/1022.dat,True,SEG2,,24,2000.0,4000,1.9995,2026-05-16 15:33:11,2026-05-16T15:33:11,1778945591.0,obspy_trace_stats_starttime
1023,1023.dat,1023,LBS_051626,2026-05-16,/Volumes/tachyon/LBSSP_DATA/GEODE_DATA/LBS_051626/1023.dat,True,SEG2,,24,2000.0,4000,1.9995,2026-05-16 15:36:28,2026-05-16T15:36:28,1778945788.0,obspy_trace_stats_starttime
1024,1024.dat,1024,LBS_051626,2026-05-16,/Volumes/tachyon/LBSSP_DATA/GEODE_DATA/LBS_051626/1024.dat,True,SEG2,,24,2000.0,4000,1.9995,2026-05-16 15:39:23,2026-05-16T15:39:23,1778945963.0,obspy_trace_stats_starttime
1025,1025.dat,1025,LBS_051626,2026-05-16,/Volumes/tachyon/LBSSP_DATA/GEODE_DATA/LBS_051626/1025.dat,True,SEG2,,24,2000.0,4000,1.9995,2026-05-16 15:41:10,2026-05-16T15:41:10,1778946070.0,obspy_trace_stats_starttime
1026,1026.dat,1026,LBS_051626,2026-05-16,/Volumes/tachyon/LBSSP_DATA/GEODE_DATA/LBS_051626/1026.dat,True,SEG2,,24,2000.0,4000,1.9995,2026-05-16 15:43:19,2026-05-16T15:43:19,1778946199.0,obspy_trace_stats_starttime
1027,1027.dat,1027,LBS_051626,2026-05-16,/Volumes/tachyon/LBSSP_DATA/GEODE_DATA/LBS_051626/1027.dat,True,SEG2,,24,2000.0,4000,1.9995,2026-05-16 15:48:07,2026-05-16T15:48:07,1778946487.0,obspy_trace_stats_starttime
1028,1028.dat,1028,LBS_051626,2026-05-16,/Volumes/tachyon/LBSSP_DATA/GEODE_DATA/LBS_051626/1028.dat,True,SEG2,,24,2000.0,4000,1.9995,2026-05-16 15:50:58,2026-05-16T15:50:58,1778946658.0,obspy_trace_stats_starttime
1029,1029.dat,1029,LBS_051626,2026-05-16,/Volumes/tachyon/LBSSP_DATA/GEODE_DATA/LBS_051626/1029.dat,True,SEG2,,24,2000.0,4000,1.9995,2026-05-16 15:52:48,2026-05-16T15:52:48,1778946768.0,obspy_trace_stats_starttime
1030,1030.dat,1030,LBS_051626,2026-05-16,/Volumes/tachyon/LBSSP_DATA/GEODE_DATA/LBS_051626/1030.dat,True,SEG2,,24,2000.0,4000,1.9995,2026-05-16 15:54:56,2026-05-16T15:54:56,1778946896.0,obspy_trace_stats_starttime
1031,1031.dat,1031,LBS_051626,2026-05-16,/Volumes/tachyon/LBSSP_DATA/GEODE_DATA/LBS_051626/1031.dat,True,SEG2,,24,2000.0,4000,1.9995,2026-05-16 15:56:26,2026-05-16T15:56:26,1778946986.0,obspy_trace_stats_starttime
1032,1032.dat,1032,LBS_051626,2026-05-16,/Volumes/tachyon/LBSSP_DATA/GEODE_DATA/LBS_051626/1032.dat,True,SEG2,,24,2000.0,4000,1.9995,2026-05-16 15:59:24,2026-05-16T15:59:24,1778947164.0,obspy_trace_stats_starttime
1033,1033.dat,1033,LBS_051626,2026-05-16,/Volumes/tachyon/LBSSP_DATA/GEODE_DATA/LBS_051626/1033.dat,True,SEG2,,24,2000.0,4000,1.9995,2026-05-16 16:01:58,2026-05-16T16:01:58,1778947318.0,obspy_trace_stats_starttime
1034,1034.dat,1034,LBS_051626,2026-05-16,/Volumes/tachyon/LBSSP_DATA/GEODE_DATA/LBS_051626/1034.dat,True,SEG2,,24,2000.0,4000,1.9995,2026-05-16 16:05:00,2026-05-16T16:05:00,1778947500.0,obspy_trace_stats_starttime
1035,1035.dat,1035,LBS_051626,2026-05-16,/Volumes/tachyon/LBSSP_DATA/GEODE_DATA/LBS_051626/1035.dat,True,SEG2,,24,2000.0,4000,1.9995,2026-05-16 16:07:42,2026-05-16T16:07:42,1778947662.0,obspy_trace_stats_starttime
1036,1036.dat,1036,LBS_051626,2026-05-16,/Volumes/tachyon/LBSSP_DATA/GEODE_DATA/LBS_051626/1036.dat,True,SEG2,,24,2000.0,4000,1.9995,2026-05-16 16:10:35,2026-05-16T16:10:35,1778947835.0,obspy_trace_stats_starttime
1037,1037.dat,1037,LBS_051626,2026-05-16,/Volumes/tachyon/LBSSP_DATA/GEODE_DATA/LBS_051626/1037.dat,True,SEG2,,24,2000.0,4000,1.9995,2026-05-16 16:14:21,2026-05-16T16:14:21,1778948061.0,obspy_trace_stats_starttime
1038,1038.dat,1038,LBS_051626,2026-05-16,/Volumes/tachyon/LBSSP_DATA/GEODE_DATA/LBS_051626/1038.dat,True,SEG2,,24,2000.0,4000,1.9995,2026-05-16 16:16:51,2026-05-16T16:16:51,1778948211.0,obspy_trace_stats_starttime
1039,1039.dat,1039,LBS_051626,2026-05-16,/Volumes/tachyon/LBSSP_DATA/GEODE_DATA/LBS_051626/1039.dat,True,SEG2,,24,2000.0,4000,1.9995,2026-05-16 16:19:58,2026-05-16T16:19:58,1778948398.0,obspy_trace_stats_starttime
1040,1040.dat,1040,LBS_051626,2026-05-16,/Volumes/tachyon/LBSSP_DATA/GEODE_DATA/LBS_051626/1040.dat,True,SEG2,,24,2000.0,4000,1.9995,2026-05-16 16:24:05,2026-05-16T16:24:05,1778948645.0,obspy_trace_stats_starttime
1041,1041.dat,1041,LBS_051626,2026-05-16,/Volumes/tachyon/LBSSP_DATA/GEODE_DATA/LBS_051626/1041.dat,True,SEG2,,24,2000.0,4000,1.9995,2026-05-16 16:25:56,2026-05-16T16:25:56,1778948756.0,obspy_trace_stats_starttime
1042,1042.dat,1042,LBS_051626,2026-05-16,/Volumes/tachyon/LBSSP_DATA/GEODE_DATA/LBS_051626/1042.dat,True,SEG2,,24,2000.0,4000,1.9995,2026-05-16 16:27:56,2026-05-16T16:27:56,1778948876.0,obspy_trace_stats_starttime
1043,1043.dat,1043,LBS_051626,2026-05-16,/Volumes/tachyon/LBSSP_DATA/GEODE_DATA/LBS_051626/1043.dat,True,SEG2,,24,2000.0,4000,1.9995,2026-05-16 16:29:50,2026-05-16T16:29:50,1778948990.0,obspy_trace_stats_starttime
1044,1044.dat,1044,LBS_051626,2026-05-16,/Volumes/tachyon/LBSSP_DATA/GEODE_DATA/LBS_051626/1044.dat,True,SEG2,,24,2000.0,4000,1.9995,2026-05-16 16:34:24,2026-05-16T16:34:24,1778949264.0,obspy_trace_stats_starttime
1045,1045.dat,1045,LBS_051626,2026-05-16,/Volumes/tachyon/LBSSP_DATA/GEODE_DATA/LBS_051626/1045.dat,True,SEG2,,24,2000.0,4000,1.9995,2026-05-16 16:38:28,2026-05-16T16:38:28,1778949508.0,obspy_trace_stats_starttime
1046,1046.dat,1046,LBS_051626,2026-05-16,/Volumes/tachyon/LBSSP_DATA/GEODE_DATA/LBS_051626/1046.dat,True,SEG2,,24,2000.0,4000,1.9995,2026-05-16 16:41:02,2026-05-16T16:41:02,1778949662.0,obspy_trace_stats_starttime
1047,1047.dat,1047,LBS_051626,2026-05-16,/Volumes/tachyon/LBSSP_DATA/GEODE_DATA/LBS_051626/1047.dat,True,SEG2,,24,2000.0,4000,1.9995,2026-05-16 16:44:45,2026-05-16T16:44:45,1778949885.0,obspy_trace_stats_starttime
1048,1048.dat,1048,LBS_051626,2026-05-16,/Volumes/tachyon/LBSSP_DATA/GEODE_DATA/LBS_051626/1048.dat,True,SEG2,,24,2000.0,4000,1.9995,2026-05-16 16:48:30,2026-05-16T16:48:30,1778950110.0,obspy_trace_stats_starttime
1049,1049.dat,1049,LBS_051626,2026-05-16,/Volumes/tachyon/LBSSP_DATA/GEODE_DATA/LBS_051626/1049.dat,True,SEG2,,24,2000.0,4000,1.9995,2026-05-16 16:52:15,2026-05-16T16:52:15,1778950335.0,obspy_trace_stats_starttime
1050,1050.dat,1050,LBS_051626,2026-05-16,/Volumes/tachyon/LBSSP_DATA/GEODE_DATA/LBS_051626/1050.dat,True,SEG2,,24,2000.0,4000,1.9995,2026-05-16 16:54:36,2026-05-16T16:54:36,1778950476.0,obspy_trace_stats_starttime
1051,1051.dat,1051,LBS_051626,2026-05-16,/Volumes/tachyon/LBSSP_DATA/GEODE_DATA/LBS_051626/1051.dat,True,SEG2,,24,2000.0,4000,1.9995,2026-05-16 16:57:15,2026-05-16T16:57:15,1778950635.0,obspy_trace_stats_starttime
1052,1052.dat,1052,LBS_051626,2026-05-16,/Volumes/tachyon/LBSSP_DATA/GEODE_DATA/LBS_051626/1052.dat,True,SEG2,,24,2000.0,4000,1.9995,2026-05-16 16:59:18,2026-05-16T16:59:18,1778950758.0,obspy_trace_stats_starttime
1053,1053.dat,1053,LBS_051626,2026-05-16,/Volumes/tachyon/LBSSP_DATA/GEODE_DATA/LBS_051626/1053.dat,True,SEG2,,24,2000.0,4000,1.9995,2026-05-16 17:01:05,2026-05-16T17:01:05,1778950865.0,obspy_trace_stats_starttime
1054,1054.dat,1054,LBS_051626,2026-05-16,/Volumes/tachyon/LBSSP_DATA/GEODE_DATA/LBS_051626/1054.dat,True,SEG2,,24,2000.0,4000,1.9995,2026-05-16 17:02:47,2026-05-16T17:02:47,1778950967.0,obspy_trace_stats_starttime
1055,1055.dat,1055,LBS_051626,2026-05-16,/Volumes/tachyon/LBSSP_DATA/GEODE_DATA/LBS_051626/1055.dat,True,SEG2,,24,2000.0,4000,1.9995,2026-05-16 17:04:30,2026-05-16T17:04:30,1778951070.0,obspy_trace_stats_starttime
1056,1056.dat,1056,LBS_051626,2026-05-16,/Volumes/tachyon/LBSSP_DATA/GEODE_DATA/LBS_051626/1056.dat,True,SEG2,,24,2000.0,4000,1.9995,2026-05-16 17:06:08,2026-05-16T17:06:08,1778951168.0,obspy_trace_stats_starttime
1057,1057.dat,1057,LBS_051626,2026-05-16,/Volumes/tachyon/LBSSP_DATA/GEODE_DATA/LBS_051626/1057.dat,True,SEG2,,24,2000.0,4000,1.9995,2026-05-16 17:07:33,2026-05-16T17:07:33,1778951253.0,obspy_trace_stats_starttime
1058,1058.dat,1058,LBS_051626,2026-05-16,/Volumes/tachyon/LBSSP_DATA/GEODE_DATA/LBS_051626/1058.dat,True,SEG2,,24,2000.0,4000,1.9995,2026-05-16 17:10:00,2026-05-16T17:10:00,1778951400.0,obspy_trace_stats_starttime
1059,1059.dat,1059,LBS_051626,2026-05-16,/Volumes/tachyon/LBSSP_DATA/GEODE_DATA/LBS_051626/1059.dat,True,SEG2,,24,2000.0,4000,1.9995,2026-05-16 17:11:32,2026-05-16T17:11:32,1778951492.0,obspy_trace_stats_starttime
1060,1060.dat,1060,LBS_051626,2026-05-16,/Volumes/tachyon/LBSSP_DATA/GEODE_DATA/LBS_051626/1060.dat,True,SEG2,,24,2000.0,4000,1.9995,2026-05-16 17:12:44,2026-05-16T17:12:44,1778951564.0,obspy_trace_stats_starttime
1061,1061.dat,1061,LBS_051626,2026-05-16,/Volumes/tachyon/LBSSP_DATA/GEODE_DATA/LBS_051626/1061.dat,True,SEG2,,24,2000.0,4000,1.9995,2026-05-16 17:15:20,2026-05-16T17:15:20,1778951720.0,obspy_trace_stats_starttime
1062,1062.dat,1062,LBS_051626,2026-05-16,/Volumes/tachyon/LBSSP_DATA/GEODE_DATA/LBS_051626/1062.dat,True,SEG2,,24,2000.0,4000,1.9995,2026-05-16 17:16:55,2026-05-16T17:16:55,1778951815.0,obspy_trace_stats_starttime
1063,1063.dat,1063,LBS_051626,2026-05-16,/Volumes/tachyon/LBSSP_DATA/GEODE_DATA/LBS_051626/1063.dat,True,SEG2,,24,2000.0,4000,1.9995,2026-05-16 17:18:32,2026-05-16T17:18:32,1778951912.0,obspy_trace_stats_starttime
1064,1064.dat,1064,LBS_051626,2026-05-16,/Volumes/tachyon/LBSSP_DATA/GEODE_DATA/LBS_051626/1064.dat,True,SEG2,,24,2000.0,4000,1.9995,2026-05-16 17:19:55,2026-05-16T17:19:55,1778951995.0,obspy_trace_stats_starttime
1065,1065.dat,1065,LBS_051626,2026-05-16,/Volumes/tachyon/LBSSP_DATA/GEODE_DATA/LBS_051626/1065.dat,True,SEG2,,24,2000.0,4000,1.9995,2026-05-16 17:23:00,2026-05-16T17:23:00,1778952180.0,obspy_trace_stats_starttime
1066,1066.dat,1066,LBS_051626,2026-05-16,/Volumes/tachyon/LBSSP_DATA/GEODE_DATA/LBS_051626/1066.dat,True,SEG2,,24,2000.0,4000,1.9995,2026-05-16 17:24:19,2026-05-16T17:24:19,1778952259.0,obspy_trace_stats_starttime
1067,1067.dat,1067,LBS_051626,2026-05-16,/Volumes/tachyon/LBSSP_DATA/GEODE_DATA/LBS_051626/1067.dat,True,SEG2,,24,2000.0,4000,1.9995,2026-05-16 17:25:46,2026-05-16T17:25:46,1778952346.0,obspy_trace_stats_starttime
1068,1068.dat,1068,LBS_051626,2026-05-16,/Volumes/tachyon/LBSSP_DATA/GEODE_DATA/LBS_051626/1068.dat,True,SEG2,,24,2000.0,4000,1.9995,2026-05-16 17:27:42,2026-05-16T17:27:42,1778952462.0,obspy_trace_stats_starttime
1069,1069.dat,1069,LBS_051626,2026-05-16,/Volumes/tachyon/LBSSP_DATA/GEODE_DATA/LBS_051626/1069.dat,True,SEG2,,24,2000.0,4000,1.9995,2026-05-16 17:29:27,2026-05-16T17:29:27,1778952567.0,obspy_trace_stats_starttime
1070,1070.dat,1070,LBS_051626,2026-05-16,/Volumes/tachyon/LBSSP_DATA/GEODE_DATA/LBS_051626/1070.dat,True,SEG2,,24,2000.0,4000,1.9995,2026-05-16 17:30:46,2026-05-16T17:30:46,1778952646.0,obspy_trace_stats_starttime
1071,1071.dat,1071,LBS_051626,2026-05-16,/Volumes/tachyon/LBSSP_DATA/GEODE_DATA/LBS_051626/1071.dat,True,SEG2,,24,2000.0,4000,1.9995,2026-05-16 17:32:09,2026-05-16T17:32:09,1778952729.0,obspy_trace_stats_starttime
1072,1072.dat,1072,LBS_051626,2026-05-16,/Volumes/tachyon/LBSSP_DATA/GEODE_DATA/LBS_051626/1072.dat,True,SEG2,,24,2000.0,4000,1.9995,2026-05-16 17:33:32,2026-05-16T17:33:32,1778952812.0,obspy_trace_stats_starttime
1073,1073.dat,1073,LBS_051626,2026-05-16,/Volumes/tachyon/LBSSP_DATA/GEODE_DATA/LBS_051626/1073.dat,True,SEG2,,24,2000.0,4000,1.9995,2026-05-16 17:35:08,2026-05-16T17:35:08,1778952908.0,obspy_trace_stats_starttime
1074,1074.dat,1074,LBS_051626,2026-05-16,/Volumes/tachyon/LBSSP_DATA/GEODE_DATA/LBS_051626/1074.dat,True,SEG2,,24,2000.0,4000,1.9995,2026-05-16 17:36:49,2026-05-16T17:36:49,1778953009.0,obspy_trace_stats_starttime
1075,1075.dat,1075,LBS_051626,2026-05-16,/Volumes/tachyon/LBSSP_DATA/GEODE_DATA/LBS_051626/1075.dat,True,SEG2,,24,2000.0,4000,1.9995,2026-05-16 17:37:48,2026-05-16T17:37:48,1778953068.0,obspy_trace_stats_starttime
1076,1076.dat,1076,LBS_051626,2026-05-16,/Volumes/tachyon/LBSSP_DATA/GEODE_DATA/LBS_051626/1076.dat,True,SEG2,,24,2000.0,4000,1.9995,2026-05-16 17:38:50,2026-05-16T17:38:50,1778953130.0,obspy_trace_stats_starttime
1077,1077.dat,1077,LBS_051626,2026-05-16,/Volumes/tachyon/LBSSP_DATA/GEODE_DATA/LBS_051626/1077.dat,True,SEG2,,24,2000.0,4000,1.9995,2026-05-16 17:40:09,2026-05-16T17:40:09,1778953209.0,obspy_trace_stats_starttime
1078,1078.dat,1078,LBS_051626,2026-05-16,/Volumes/tachyon/LBSSP_DATA/GEODE_DATA/LBS_051626/1078.dat,True,SEG2,,24,2000.0,4000,1.9995,2026-05-16 17:41:19,2026-05-16T17:41:19,1778953279.0,obspy_trace_stats_starttime
1079,1079.dat,1079,LBS_051626,2026-05-16,/Volumes/tachyon/LBSSP_DATA/GEODE_DATA/LBS_051626/1079.dat,True,SEG2,,24,2000.0,4000,1.9995,2026-05-16 17:42:26,2026-05-16T17:42:26,1778953346.0,obspy_trace_stats_starttime
1080,1080.dat,1080,LBS_051626,2026-05-16,/Volumes/tachyon/LBSSP_DATA/GEODE_DATA/LBS_051626/1080.dat,True,SEG2,,24,2000.0,4000,1.9995,2026-05-16 17:43:46,2026-05-16T17:43:46,1778953426.0,obspy_trace_stats_starttime
1081,1081.dat,1081,LBS_051626,2026-05-16,/Volumes/tachyon/LBSSP_DATA/GEODE_DATA/LBS_051626/1081.dat,True,SEG2,,24,2000.0,4000,1.9995,2026-05-16 17:45:03,2026-05-16T17:45:03,1778953503.0,obspy_trace_stats_starttime
1082,1082.dat,1082,LBS_051626,2026-05-16,/Volumes/tachyon/LBSSP_DATA/GEODE_DATA/LBS_051626/1082.dat,True,SEG2,,24,2000.0,4000,1.9995,2026-05-16 17:46:09,2026-05-16T17:46:09,1778953569.0,obspy_trace_stats_starttime
1083,1083.dat,1083,LBS_051626,2026-05-16,/Volumes/tachyon/LBSSP_DATA/GEODE_DATA/LBS_051626/1083.dat,True,SEG2,,24,2000.0,4000,1.9995,2026-05-16 17:47:16,2026-05-16T17:47:16,1778953636.0,obspy_trace_stats_starttime
2001,2001.dat,2001,LBS_051726,2026-05-17,/Volumes/tachyon/LBSSP_DATA/GEODE_DATA/LBS_051726/2001.dat,True,SEG2,,24,2000.0,4000,1.9995,2026-05-17 10:00:04,2026-05-17T10:00:04,1779012004.0,obspy_trace_stats_starttime
2002,2002.dat,2002,LBS_051726,2026-05-17,/Volumes/tachyon/LBSSP_DATA/GEODE_DATA/LBS_051726/2002.dat,True,SEG2,,24,2000.0,4000,1.9995,2026-05-17 10:09:01,2026-05-17T10:09:01,1779012541.0,obspy_trace_stats_starttime
2003,2003.dat,2003,LBS_051726,2026-05-17,/Volumes/tachyon/LBSSP_DATA/GEODE_DATA/LBS_051726/2003.dat,True,SEG2,,24,2000.0,4000,1.9995,2026-05-17 10:13:25,2026-05-17T10:13:25,1779012805.0,obspy_trace_stats_starttime
2004,2004.dat,2004,LBS_051726,2026-05-17,/Volumes/tachyon/LBSSP_DATA/GEODE_DATA/LBS_051726/2004.dat,True,SEG2,,24,2000.0,4000,1.9995,2026-05-17 10:15:38,2026-05-17T10:15:38,1779012938.0,obspy_trace_stats_starttime
2005,2005.dat,2005,LBS_051726,2026-05-17,/Volumes/tachyon/LBSSP_DATA/GEODE_DATA/LBS_051726/2005.dat,True,SEG2,,24,2000.0,4000,1.9995,2026-05-17 10:19:02,2026-05-17T10:19:02,1779013142.0,obspy_trace_stats_starttime
2006,2006.dat,2006,LBS_051726,2026-05-17,/Volumes/tachyon/LBSSP_DATA/GEODE_DATA/LBS_051726/2006.dat,True,SEG2,,24,2000.0,4000,1.9995,2026-05-17 10:24:30,2026-05-17T10:24:30,1779013470.0,obspy_trace_stats_starttime
2007,2007.dat,2007,LBS_051726,2026-05-17,/Volumes/tachyon/LBSSP_DATA/GEODE_DATA/LBS_051726/2007.dat,True,SEG2,,24,2000.0,4000,1.9995,2026-05-17 10:27:15,2026-05-17T10:27:15,1779013635.0,obspy_trace_stats_starttime
2008,2008.dat,2008,LBS_051726,2026-05-17,/Volumes/tachyon/LBSSP_DATA/GEODE_DATA/LBS_051726/2008.dat,True,SEG2,,24,2000.0,4000,1.9995,2026-05-17 10:29:26,2026-05-17T10:29:26,1779013766.0,obspy_trace_stats_starttime
2009,2009.dat,2009,LBS_051726,2026-05-17,/Volumes/tachyon/LBSSP_DATA/GEODE_DATA/LBS_051726/2009.dat,True,SEG2,,24,2000.0,4000,1.9995,2026-05-17 10:31:35,2026-05-17T10:31:35,1779013895.0,obspy_trace_stats_starttime
2010,2010.dat,2010,LBS_051726,2026-05-17,/Volumes/tachyon/LBSSP_DATA/GEODE_DATA/LBS_051726/2010.dat,True,SEG2,,24,2000.0,4000,1.9995,2026-05-17 10:34:29,2026-05-17T10:34:29,1779014069.0,obspy_trace_stats_starttime
2011,2011.dat,2011,LBS_051726,2026-05-17,/Volumes/tachyon/LBSSP_DATA/GEODE_DATA/LBS_051726/2011.dat,True,SEG2,,24,2000.0,4000,1.9995,2026-05-17 10:37:15,2026-05-17T10:37:15,1779014235.0,obspy_trace_stats_starttime
2012,2012.dat,2012,LBS_051726,2026-05-17,/Volumes/tachyon/LBSSP_DATA/GEODE_DATA/LBS_051726/2012.dat,True,SEG2,,24,2000.0,4000,1.9995,2026-05-17 10:39:17,2026-05-17T10:39:17,1779014357.0,obspy_trace_stats_starttime
2013,2013.dat,2013,LBS_051726,2026-05-17,/Volumes/tachyon/LBSSP_DATA/GEODE_DATA/LBS_051726/2013.dat,True,SEG2,,24,2000.0,4000,1.9995,2026-05-17 10:41:19,2026-05-17T10:41:19,1779014479.0,obspy_trace_stats_starttime
2014,2014.dat,2014,LBS_051726,2026-05-17,/Volumes/tachyon/LBSSP_DATA/GEODE_DATA/LBS_051726/2014.dat,True,SEG2,,24,2000.0,4000,1.9995,2026-05-17 10:43:35,2026-05-17T10:43:35,1779014615.0,obspy_trace_stats_starttime
2015,2015.dat,2015,LBS_051726,2026-05-17,/Volumes/tachyon/LBSSP_DATA/GEODE_DATA/LBS_051726/2015.dat,True,SEG2,,24,2000.0,4000,1.9995,2026-05-17 10:45:29,2026-05-17T10:45:29,1779014729.0,obspy_trace_stats_starttime
2016,2016.dat,2016,LBS_051726,2026-05-17,/Volumes/tachyon/LBSSP_DATA/GEODE_DATA/LBS_051726/2016.dat,True,SEG2,,24,2000.0,4000,1.9995,2026-05-17 10:48:00,2026-05-17T10:48:00,1779014880.0,obspy_trace_stats_starttime
2017,2017.dat,2017,LBS_051726,2026-05-17,/Volumes/tachyon/LBSSP_DATA/GEODE_DATA/LBS_051726/2017.dat,True,SEG2,,24,2000.0,4000,1.9995,2026-05-17 10:50:45,2026-05-17T10:50:45,1779015045.0,obspy_trace_stats_starttime
2018,2018.dat,2018,LBS_051726,2026-05-17,/Volumes/tachyon/LBSSP_DATA/GEODE_DATA/LBS_051726/2018.dat,True,SEG2,,24,2000.0,4000,1.9995,2026-05-17 10:52:49,2026-05-17T10:52:49,1779015169.0,obspy_trace_stats_starttime
2019,2019.dat,2019,LBS_051726,2026-05-17,/Volumes/tachyon/LBSSP_DATA/GEODE_DATA/LBS_051726/2019.dat,True,SEG2,,24,2000.0,4000,1.9995,2026-05-17 10:55:11,2026-05-17T10:55:11,1779015311.0,obspy_trace_stats_starttime
2020,2020.dat,2020,LBS_051726,2026-05-17,/Volumes/tachyon/LBSSP_DATA/GEODE_DATA/LBS_051726/2020.dat,True,SEG2,,24,2000.0,4000,1.9995,2026-05-17 10:56:57,2026-05-17T10:56:57,1779015417.0,obspy_trace_stats_starttime
2021,2021.dat,2021,LBS_051726,2026-05-17,/Volumes/tachyon/LBSSP_DATA/GEODE_DATA/LBS_051726/2021.dat,True,SEG2,,24,2000.0,4000,1.9995,2026-05-17 11:17:00,2026-05-17T11:17:00,1779016620.0,obspy_trace_stats_starttime
2022,2022.dat,2022,LBS_051726,2026-05-17,/Volumes/tachyon/LBSSP_DATA/GEODE_DATA/LBS_051726/2022.dat,True,SEG2,,24,2000.0,4000,1.9995,2026-05-17 11:24:15,2026-05-17T11:24:15,1779017055.0,obspy_trace_stats_starttime
2023,2023.dat,2023,LBS_051726,2026-05-17,/Volumes/tachyon/LBSSP_DATA/GEODE_DATA/LBS_051726/2023.dat,True,SEG2,,24,2000.0,4000,1.9995,2026-05-17 11:28:46,2026-05-17T11:28:46,1779017326.0,obspy_trace_stats_starttime
2024,2024.dat,2024,LBS_051726,2026-05-17,/Volumes/tachyon/LBSSP_DATA/GEODE_DATA/LBS_051726/2024.dat,True,SEG2,,24,2000.0,4000,1.9995,2026-05-17 11:32:21,2026-05-17T11:32:21,1779017541.0,obspy_trace_stats_starttime
2025,2025.dat,2025,LBS_051726,2026-05-17,/Volumes/tachyon/LBSSP_DATA/GEODE_DATA/LBS_051726/2025.dat,True,SEG2,,24,2000.0,4000,1.9995,2026-05-17 11:35:45,2026-05-17T11:35:45,1779017745.0,obspy_trace_stats_starttime
2026,2026.dat,2026,LBS_051726,2026-05-17,/Volumes/tachyon/LBSSP_DATA/GEODE_DATA/LBS_051726/2026.dat,True,SEG2,,24,2000.0,4000,1.9995,2026-05-17 11:38:00,2026-05-17T11:38:00,1779017880.0,obspy_trace_stats_starttime
2027,2027.dat,2027,LBS_051726,2026-05-17,/Volumes/tachyon/LBSSP_DATA/GEODE_DATA/LBS_051726/2027.dat,True,SEG2,,24,2000.0,4000,1.9995,2026-05-17 11:41:51,2026-05-17T11:41:51,1779018111.0,obspy_trace_stats_starttime
2028,2028.dat,2028,LBS_051726,2026-05-17,/Volumes/tachyon/LBSSP_DATA/GEODE_DATA/LBS_051726/2028.dat,True,SEG2,,24,2000.0,4000,1.9995,2026-05-17 11:43:45,2026-05-17T11:43:45,1779018225.0,obspy_trace_stats_starttime
2029,2029.dat,2029,LBS_051726,2026-05-17,/Volumes/tachyon/LBSSP_DATA/GEODE_DATA/LBS_051726/2029.dat,True,SEG2,,24,2000.0,4000,1.9995,2026-05-17 11:45:20,2026-05-17T11:45:20,1779018320.0,obspy_trace_stats_starttime
2030,2030.dat,2030,LBS_051726,2026-05-17,/Volumes/tachyon/LBSSP_DATA/GEODE_DATA/LBS_051726/2030.dat,True,SEG2,,24,2000.0,4000,1.9995,2026-05-17 11:46:57,2026-05-17T11:46:57,1779018417.0,obspy_trace_stats_starttime
2031,2031.dat,2031,LBS_051726,2026-05-17,/Volumes/tachyon/LBSSP_DATA/GEODE_DATA/LBS_051726/2031.dat,True,SEG2,,24,2000.0,4000,1.9995,2026-05-17 11:49:33,2026-05-17T11:49:33,1779018573.0,obspy_trace_stats_starttime
2032,2032.dat,2032,LBS_051726,2026-05-17,/Volumes/tachyon/LBSSP_DATA/GEODE_DATA/LBS_051726/2032.dat,True,SEG2,,24,2000.0,4000,1.9995,2026-05-17 11:51:28,2026-05-17T11:51:28,1779018688.0,obspy_trace_stats_starttime
2033,2033.dat,2033,LBS_051726,2026-05-17,/Volumes/tachyon/LBSSP_DATA/GEODE_DATA/LBS_051726/2033.dat,True,SEG2,,24,2000.0,4000,1.9995,2026-05-17 11:54:10,2026-05-17T11:54:10,1779018850.0,obspy_trace_stats_starttime
2034,2034.dat,2034,LBS_051726,2026-05-17,/Volumes/tachyon/LBSSP_DATA/GEODE_DATA/LBS_051726/2034.dat,True,SEG2,,24,2000.0,4000,1.9995,2026-05-17 11:56:44,2026-05-17T11:56:44,1779019004.0,obspy_trace_stats_starttime
2035,2035.dat,2035,LBS_051726,2026-05-17,/Volumes/tachyon/LBSSP_DATA/GEODE_DATA/LBS_051726/2035.dat,True,SEG2,,24,2000.0,4000,1.9995,2026-05-17 11:58:43,2026-05-17T11:58:43,1779019123.0,obspy_trace_stats_starttime
2036,2036.dat,2036,LBS_051726,2026-05-17,/Volumes/tachyon/LBSSP_DATA/GEODE_DATA/LBS_051726/2036.dat,True,SEG2,,24,2000.0,4000,1.9995,2026-05-17 12:00:45,2026-05-17T12:00:45,1779019245.0,obspy_trace_stats_starttime
2037,2037.dat,2037,LBS_051726,2026-05-17,/Volumes/tachyon/LBSSP_DATA/GEODE_DATA/LBS_051726/2037.dat,True,SEG2,,24,2000.0,4000,1.9995,2026-05-17 12:03:35,2026-05-17T12:03:35,1779019415.0,obspy_trace_stats_starttime
2038,2038.dat,2038,LBS_051726,2026-05-17,/Volumes/tachyon/LBSSP_DATA/GEODE_DATA/LBS_051726/2038.dat,True,SEG2,,24,2000.0,4000,1.9995,2026-05-17 12:05:43,2026-05-17T12:05:43,1779019543.0,obspy_trace_stats_starttime
2039,2039.dat,2039,LBS_051726,2026-05-17,/Volumes/tachyon/LBSSP_DATA/GEODE_DATA/LBS_051726/2039.dat,True,SEG2,,24,2000.0,4000,1.9995,2026-05-17 12:07:28,2026-05-17T12:07:28,1779019648.0,obspy_trace_stats_starttime
2040,2040.dat,2040,LBS_051726,2026-05-17,/Volumes/tachyon/LBSSP_DATA/GEODE_DATA/LBS_051726/2040.dat,True,SEG2,,24,2000.0,4000,1.9995,2026-05-17 12:10:54,2026-05-17T12:10:54,1779019854.0,obspy_trace_stats_starttime
2041,2041.dat,2041,LBS_051726,2026-05-17,/Volumes/tachyon/LBSSP_DATA/GEODE_DATA/LBS_051726/2041.dat,True,SEG2,,24,2000.0,4000,1.9995,2026-05-17 12:14:25,2026-05-17T12:14:25,1779020065.0,obspy_trace_stats_starttime
2042,2042.dat,2042,LBS_051726,2026-05-17,/Volumes/tachyon/LBSSP_DATA/GEODE_DATA/LBS_051726/2042.dat,True,SEG2,,24,2000.0,4000,1.9995,2026-05-17 12:18:11,2026-05-17T12:18:11,1779020291.0,obspy_trace_stats_starttime
2043,2043.dat,2043,LBS_051726,2026-05-17,/Volumes/tachyon/LBSSP_DATA/GEODE_DATA/LBS_051726/2043.dat,True,SEG2,,24,2000.0,4000,1.9995,2026-05-17 12:20:58,2026-05-17T12:20:58,1779020458.0,obspy_trace_stats_starttime
2044,2044.dat,2044,LBS_051726,2026-05-17,/Volumes/tachyon/LBSSP_DATA/GEODE_DATA/LBS_051726/2044.dat,True,SEG2,,24,2000.0,4000,1.9995,2026-05-17 12:24:43,2026-05-17T12:24:43,1779020683.0,obspy_trace_stats_starttime
2045,2045.dat,2045,LBS_051726,2026-05-17,/Volumes/tachyon/LBSSP_DATA/GEODE_DATA/LBS_051726/2045.dat,True,SEG2,,24,2000.0,4000,1.9995,2026-05-17 12:28:30,2026-05-17T12:28:30,1779020910.0,obspy_trace_stats_starttime
2046,2046.dat,2046,LBS_051726,2026-05-17,/Volumes/tachyon/LBSSP_DATA/GEODE_DATA/LBS_051726/2046.dat,True,SEG2,,24,2000.0,4000,1.9995,2026-05-17 12:30:41,2026-05-17T12:30:41,1779021041.0,obspy_trace_stats_starttime
2047,2047.dat,2047,LBS_051726,2026-05-17,/Volumes/tachyon/LBSSP_DATA/GEODE_DATA/LBS_051726/2047.dat,True,SEG2,,24,2000.0,4000,1.9995,2026-05-17 12:37:26,2026-05-17T12:37:26,1779021446.0,obspy_trace_stats_starttime
2048,2048.dat,2048,LBS_051726,2026-05-17,/Volumes/tachyon/LBSSP_DATA/GEODE_DATA/LBS_051726/2048.dat,True,SEG2,,24,2000.0,4000,1.9995,2026-05-17 12:40:52,2026-05-17T12:40:52,1779021652.0,obspy_trace_stats_starttime
2049,2049.dat,2049,LBS_051726,2026-05-17,/Volumes/tachyon/LBSSP_DATA/GEODE_DATA/LBS_051726/2049.dat,True,SEG2,,24,2000.0,4000,1.9995,2026-05-17 12:44:45,2026-05-17T12:44:45,1779021885.0,obspy_trace_stats_starttime
2050,2050.dat,2050,LBS_051726,2026-05-17,/Volumes/tachyon/LBSSP_DATA/GEODE_DATA/LBS_051726/2050.dat,True,SEG2,,24,2000.0,4000,1.9995,2026-05-17 12:47:57,2026-05-17T12:47:57,1779022077.0,obspy_trace_stats_starttime
2051,2051.dat,2051,LBS_051726,2026-05-17,/Volumes/tachyon/LBSSP_DATA/GEODE_DATA/LBS_051726/2051.dat,True,SEG2,,24,2000.0,4000,1.9995,2026-05-17 12:50:08,2026-05-17T12:50:08,1779022208.0,obspy_trace_stats_starttime
2052,2052.dat,2052,LBS_051726,2026-05-17,/Volumes/tachyon/LBSSP_DATA/GEODE_DATA/LBS_051726/2052.dat,True,SEG2,,24,2000.0,4000,1.9995,2026-05-17 12:54:04,2026-05-17T12:54:04,1779022444.0,obspy_trace_stats_starttime
2053,2053.dat,2053,LBS_051726,2026-05-17,/Volumes/tachyon/LBSSP_DATA/GEODE_DATA/LBS_051726/2053.dat,True,SEG2,,24,2000.0,4000,1.9995,2026-05-17 12:56:46,2026-05-17T12:56:46,1779022606.0,obspy_trace_stats_starttime
2054,2054.dat,2054,LBS_051726,2026-05-17,/Volumes/tachyon/LBSSP_DATA/GEODE_DATA/LBS_051726/2054.dat,True,SEG2,,24,2000.0,4000,1.9995,2026-05-17 13:23:03,2026-05-17T13:23:03,1779024183.0,obspy_trace_stats_starttime
2055,2055.dat,2055,LBS_051726,2026-05-17,/Volumes/tachyon/LBSSP_DATA/GEODE_DATA/LBS_051726/2055.dat,True,SEG2,,24,2000.0,4000,1.9995,2026-05-17 13:25:18,2026-05-17T13:25:18,1779024318.0,obspy_trace_stats_starttime
2056,2056.dat,2056,LBS_051726,2026-05-17,/Volumes/tachyon/LBSSP_DATA/GEODE_DATA/LBS_051726/2056.dat,True,SEG2,,24,2000.0,4000,1.9995,2026-05-17 13:31:32,2026-05-17T13:31:32,1779024692.0,obspy_trace_stats_starttime
2057,2057.dat,2057,LBS_051726,2026-05-17,/Volumes/tachyon/LBSSP_DATA/GEODE_DATA/LBS_051726/2057.dat,True,SEG2,,24,2000.0,4000,1.9995,2026-05-17 13:33:32,2026-05-17T13:33:32,1779024812.0,obspy_trace_stats_starttime
2058,2058.dat,2058,LBS_051726,2026-05-17,/Volumes/tachyon/LBSSP_DATA/GEODE_DATA/LBS_051726/2058.dat,True,SEG2,,24,2000.0,4000,1.9995,2026-05-17 13:36:15,2026-05-17T13:36:15,1779024975.0,obspy_trace_stats_starttime
2059,2059.dat,2059,LBS_051726,2026-05-17,/Volumes/tachyon/LBSSP_DATA/GEODE_DATA/LBS_051726/2059.dat,True,SEG2,,24,2000.0,4000,1.9995,2026-05-17 13:38:15,2026-05-17T13:38:15,1779025095.0,obspy_trace_stats_starttime
2060,2060.dat,2060,LBS_051726,2026-05-17,/Volumes/tachyon/LBSSP_DATA/GEODE_DATA/LBS_051726/2060.dat,True,SEG2,,24,2000.0,4000,1.9995,2026-05-17 13:40:09,2026-05-17T13:40:09,1779025209.0,obspy_trace_stats_starttime
2061,2061.dat,2061,LBS_051726,2026-05-17,/Volumes/tachyon/LBSSP_DATA/GEODE_DATA/LBS_051726/2061.dat,True,SEG2,,24,2000.0,4000,1.9995,2026-05-17 13:42:25,2026-05-17T13:42:25,1779025345.0,obspy_trace_stats_starttime
2062,2062.dat,2062,LBS_051726,2026-05-17,/Volumes/tachyon/LBSSP_DATA/GEODE_DATA/LBS_051726/2062.dat,True,SEG2,,24,2000.0,4000,1.9995,2026-05-17 13:47:03,2026-05-17T13:47:03,1779025623.0,obspy_trace_stats_starttime
2063,2063.dat,2063,LBS_051726,2026-05-17,/Volumes/tachyon/LBSSP_DATA/GEODE_DATA/LBS_051726/2063.dat,True,SEG2,,24,2000.0,4000,1.9995,2026-05-17 13:51:55,2026-05-17T13:51:55,1779025915.0,obspy_trace_stats_starttime
2064,2064.dat,2064,LBS_051726,2026-05-17,/Volumes/tachyon/LBSSP_DATA/GEODE_DATA/LBS_051726/2064.dat,True,SEG2,,24,2000.0,4000,1.9995,2026-05-17 14:01:59,2026-05-17T14:01:59,1779026519.0,obspy_trace_stats_starttime
2065,2065.dat,2065,LBS_051726,2026-05-17,/Volumes/tachyon/LBSSP_DATA/GEODE_DATA/LBS_051726/2065.dat,True,SEG2,,24,2000.0,4000,1.9995,2026-05-17 14:04:31,2026-05-17T14:04:31,1779026671.0,obspy_trace_stats_starttime
2066,2066.dat,2066,LBS_051726,2026-05-17,/Volumes/tachyon/LBSSP_DATA/GEODE_DATA/LBS_051726/2066.dat,True,SEG2,,24,2000.0,4000,1.9995,2026-05-17 14:10:14,2026-05-17T14:10:14,1779027014.0,obspy_trace_stats_starttime
2067,2067.dat,2067,LBS_051726,2026-05-17,/Volumes/tachyon/LBSSP_DATA/GEODE_DATA/LBS_051726/2067.dat,True,SEG2,,24,2000.0,4000,1.9995,2026-05-17 14:11:54,2026-05-17T14:11:54,1779027114.0,obspy_trace_stats_starttime
2068,2068.dat,2068,LBS_051726,2026-05-17,/Volumes/tachyon/LBSSP_DATA/GEODE_DATA/LBS_051726/2068.dat,True,SEG2,,24,2000.0,4000,1.9995,2026-05-17 14:14:24,2026-05-17T14:14:24,1779027264.0,obspy_trace_stats_starttime
2069,2069.dat,2069,LBS_051726,2026-05-17,/Volumes/tachyon/LBSSP_DATA/GEODE_DATA/LBS_051726/2069.dat,True,SEG2,,24,2000.0,4000,1.9995,2026-05-17 14:16:03,2026-05-17T14:16:03,1779027363.0,obspy_trace_stats_starttime
2070,2070.dat,2070,LBS_051726,2026-05-17,/Volumes/tachyon/LBSSP_DATA/GEODE_DATA/LBS_051726/2070.dat,True,SEG2,,24,2000.0,4000,1.9995,2026-05-17 14:18:55,2026-05-17T14:18:55,1779027535.0,obspy_trace_stats_starttime
2071,2071.dat,2071,LBS_051726,2026-05-17,/Volumes/tachyon/LBSSP_DATA/GEODE_DATA/LBS_051726/2071.dat,True,SEG2,,24,2000.0,4000,1.9995,2026-05-17 14:23:34,2026-05-17T14:23:34,1779027814.0,obspy_trace_stats_starttime
2072,2072.dat,2072,LBS_051726,2026-05-17,/Volumes/tachyon/LBSSP_DATA/GEODE_DATA/LBS_051726/2072.dat,True,SEG2,,24,2000.0,4000,1.9995,2026-05-17 14:25:25,2026-05-17T14:25:25,1779027925.0,obspy_trace_stats_starttime
2073,2073.dat,2073,LBS_051726,2026-05-17,/Volumes/tachyon/LBSSP_DATA/GEODE_DATA/LBS_051726/2073.dat,True,SEG2,,24,2000.0,4000,1.9995,2026-05-17 14:27:23,2026-05-17T14:27:23,1779028043.0,obspy_trace_stats_starttime
2074,2074.dat,2074,LBS_051726,2026-05-17,/Volumes/tachyon/LBSSP_DATA/GEODE_DATA/LBS_051726/2074.dat,True,SEG2,,24,2000.0,4000,1.9995,2026-05-17 14:29:13,2026-05-17T14:29:13,1779028153.0,obspy_trace_stats_starttime
2075,2075.dat,2075,LBS_051726,2026-05-17,/Volumes/tachyon/LBSSP_DATA/GEODE_DATA/LBS_051726/2075.dat,True,SEG2,,24,2000.0,4000,1.9995,2026-05-17 14:31:42,2026-05-17T14:31:42,1779028302.0,obspy_trace_stats_starttime
2076,2076.dat,2076,LBS_051726,2026-05-17,/Volumes/tachyon/LBSSP_DATA/GEODE_DATA/LBS_051726/2076.dat,True,SEG2,,24,2000.0,4000,1.9995,2026-05-17 14:33:21,2026-05-17T14:33:21,1779028401.0,obspy_trace_stats_starttime
2077,2077.dat,2077,LBS_051726,2026-05-17,/Volumes/tachyon/LBSSP_DATA/GEODE_DATA/LBS_051726/2077.dat,True,SEG2,,24,2000.0,4000,1.9995,2026-05-17 14:34:48,2026-05-17T14:34:48,1779028488.0,obspy_trace_stats_starttime
2078,2078.dat,2078,LBS_051726,2026-05-17,/Volumes/tachyon/LBSSP_DATA/GEODE_DATA/LBS_051726/2078.dat,True,SEG2,,24,2000.0,4000,1.9995,2026-05-17 14:36:23,2026-05-17T14:36:23,1779028583.0,obspy_trace_stats_starttime
2079,2079.dat,2079,LBS_051726,2026-05-17,/Volumes/tachyon/LBSSP_DATA/GEODE_DATA/LBS_051726/2079.dat,True,SEG2,,24,2000.0,4000,1.9995,2026-05-17 14:37:48,2026-05-17T14:37:48,1779028668.0,obspy_trace_stats_starttime
2080,2080.dat,2080,LBS_051726,2026-05-17,/Volumes/tachyon/LBSSP_DATA/GEODE_DATA/LBS_051726/2080.dat,True,SEG2,,24,2000.0,4000,1.9995,2026-05-17 14:39:30,2026-05-17T14:39:30,1779028770.0,obspy_trace_stats_starttime
2081,2081.dat,2081,LBS_051726,2026-05-17,/Volumes/tachyon/LBSSP_DATA/GEODE_DATA/LBS_051726/2081.dat,True,SEG2,,24,2000.0,4000,1.9995,2026-05-17 14:41:40,2026-05-17T14:41:40,1779028900.0,obspy_trace_stats_starttime
2082,2082.dat,2082,LBS_051726,2026-05-17,/Volumes/tachyon/LBSSP_DATA/GEODE_DATA/LBS_051726/2082.dat,True,SEG2,,24,2000.0,4000,1.9995,2026-05-17 14:46:32,2026-05-17T14:46:32,1779029192.0,obspy_trace_stats_starttime
2083,2083.dat,2083,LBS_051726,2026-05-17,/Volumes/tachyon/LBSSP_DATA/GEODE_DATA/LBS_051726/2083.dat,True,SEG2,,24,2000.0,4000,1.9995,2026-05-17 14:48:49,2026-05-17T14:48:49,1779029329.0,obspy_trace_stats_starttime
2084,2084.dat,2084,LBS_051726,2026-05-17,/Volumes/tachyon/LBSSP_DATA/GEODE_DATA/LBS_051726/2084.dat,True,SEG2,,24,2000.0,4000,1.9995,2026-05-17 14:50:35,2026-05-17T14:50:35,1779029435.0,obspy_trace_stats_starttime
2085,2085.dat,2085,LBS_051726,2026-05-17,/Volumes/tachyon/LBSSP_DATA/GEODE_DATA/LBS_051726/2085.dat,True,SEG2,,24,2000.0,4000,1.9995,2026-05-17 14:53:57,2026-05-17T14:53:57,1779029637.0,obspy_trace_stats_starttime
2086,2086.dat,2086,LBS_051726,2026-05-17,/Volumes/tachyon/LBSSP_DATA/GEODE_DATA/LBS_051726/2086.dat,True,SEG2,,24,2000.0,4000,1.9995,2026-05-17 15:03:32,2026-05-17T15:03:32,1779030212.0,obspy_trace_stats_starttime
2087,2087.dat,2087,LBS_051726,2026-05-17,/Volumes/tachyon/LBSSP_DATA/GEODE_DATA/LBS_051726/2087.dat,True,SEG2,,24,2000.0,4000,1.9995,2026-05-17 15:05:47,2026-05-17T15:05:47,1779030347.0,obspy_trace_stats_starttime
3005,3005.dat,3005,LBSSP_051826,2026-05-18,/Volumes/tachyon/LBSSP_DATA/GEODE_DATA/LBSSP_051826/3005.dat,True,SEG2,,72,8000.0,3200,0.399875,2026-05-18 16:03:54,2026-05-18T16:03:54,1779120234.0,obspy_trace_stats_starttime
3006,3006.dat,3006,LBSSP_051826,2026-05-18,/Volumes/tachyon/LBSSP_DATA/GEODE_DATA/LBSSP_051826/3006.dat,True,SEG2,,72,8000.0,3200,0.399875,2026-05-18 16:08:42,2026-05-18T16:08:42,1779120522.0,obspy_trace_stats_starttime
3007,3007.dat,3007,LBSSP_051826,2026-05-18,/Volumes/tachyon/LBSSP_DATA/GEODE_DATA/LBSSP_051826/3007.dat,True,SEG2,,72,8000.0,3200,0.399875,2026-05-18 16:13:41,2026-05-18T16:13:41,1779120821.0,obspy_trace_stats_starttime
3008,3008.dat,3008,LBSSP_051826,2026-05-18,/Volumes/tachyon/LBSSP_DATA/GEODE_DATA/LBSSP_051826/3008.dat,True,SEG2,,72,8000.0,3200,0.399875,2026-05-18 16:18:44,2026-05-18T16:18:44,1779121124.0,obspy_trace_stats_starttime
3009,3009.dat,3009,LBSSP_051826,2026-05-18,/Volumes/tachyon/LBSSP_DATA/GEODE_DATA/LBSSP_051826/3009.dat,True,SEG2,,72,8000.0,3200,0.399875,2026-05-18 16:21:03,2026-05-18T16:21:03,1779121263.0,obspy_trace_stats_starttime
3010,3010.dat,3010,LBSSP_051826,2026-05-18,/Volumes/tachyon/LBSSP_DATA/GEODE_DATA/LBSSP_051826/3010.dat,True,SEG2,,72,8000.0,3200,0.399875,2026-05-18 16:26:35,2026-05-18T16:26:35,1779121595.0,obspy_trace_stats_starttime
3011,3011.dat,3011,LBSSP_051826,2026-05-18,/Volumes/tachyon/LBSSP_DATA/GEODE_DATA/LBSSP_051826/3011.dat,True,SEG2,,72,8000.0,3200,0.399875,2026-05-18 16:36:45,2026-05-18T16:36:45,1779122205.0,obspy_trace_stats_starttime
3012,3012.dat,3012,LBSSP_051826,2026-05-18,/Volumes/tachyon/LBSSP_DATA/GEODE_DATA/LBSSP_051826/3012.dat,True,SEG2,,72,8000.0,3200,0.399875,2026-05-18 16:41:32,2026-05-18T16:41:32,1779122492.0,obspy_trace_stats_starttime
3013,3013.dat,3013,LBSSP_051826,2026-05-18,/Volumes/tachyon/LBSSP_DATA/GEODE_DATA/LBSSP_051826/3013.dat,True,SEG2,,72,8000.0,3200,0.399875,2026-05-18 16:47:14,2026-05-18T16:47:14,1779122834.0,obspy_trace_stats_starttime
3014,3014.dat,3014,LBSSP_051826,2026-05-18,/Volumes/tachyon/LBSSP_DATA/GEODE_DATA/LBSSP_051826/3014.dat,True,SEG2,,72,8000.0,3200,0.399875,2026-05-18 16:51:28,2026-05-18T16:51:28,1779123088.0,obspy_trace_stats_starttime
3015,3015.dat,3015,LBSSP_051826,2026-05-18,/Volumes/tachyon/LBSSP_DATA/GEODE_DATA/LBSSP_051826/3015.dat,True,SEG2,,72,8000.0,3200,0.399875,2026-05-18 16:55:42,2026-05-18T16:55:42,1779123342.0,obspy_trace_stats_starttime
3016,3016.dat,3016,LBSSP_051826,2026-05-18,/Volumes/tachyon/LBSSP_DATA/GEODE_DATA/LBSSP_051826/3016.dat,True,SEG2,,72,8000.0,3200,0.399875,2026-05-18 17:00:38,2026-05-18T17:00:38,1779123638.0,obspy_trace_stats_starttime
3017,3017.dat,3017,LBSSP_051826,2026-05-18,/Volumes/tachyon/LBSSP_DATA/GEODE_DATA/LBSSP_051826/3017.dat,True,SEG2,,72,8000.0,3200,0.399875,2026-05-18 17:03:55,2026-05-18T17:03:55,1779123835.0,obspy_trace_stats_starttime
3018,3018.dat,3018,LBSSP_051826,2026-05-18,/Volumes/tachyon/LBSSP_DATA/GEODE_DATA/LBSSP_051826/3018.dat,True,SEG2,,72,8000.0,3200,0.399875,2026-05-18 17:06:34,2026-05-18T17:06:34,1779123994.0,obspy_trace_stats_starttime
3019,3019.dat,3019,LBSSP_051826,2026-05-18,/Volumes/tachyon/LBSSP_DATA/GEODE_DATA/LBSSP_051826/3019.dat,True,SEG2,,72,8000.0,3200,0.399875,2026-05-18 17:09:56,2026-05-18T17:09:56,1779124196.0,obspy_trace_stats_starttime
3020,3020.dat,3020,LBSSP_051826,2026-05-18,/Volumes/tachyon/LBSSP_DATA/GEODE_DATA/LBSSP_051826/3020.dat,True,SEG2,,72,8000.0,3200,0.399875,2026-05-18 17:12:37,2026-05-18T17:12:37,1779124357.0,obspy_trace_stats_starttime
3021,3021.dat,3021,LBSSP_051826,2026-05-18,/Volumes/tachyon/LBSSP_DATA/GEODE_DATA/LBSSP_051826/3021.dat,True,SEG2,,72,8000.0,3200,0.399875,2026-05-18 17:16:10,2026-05-18T17:16:10,1779124570.0,obspy_trace_stats_starttime
3022,3022.dat,3022,LBSSP_051826,2026-05-18,/Volumes/tachyon/LBSSP_DATA/GEODE_DATA/LBSSP_051826/3022.dat,True,SEG2,,72,8000.0,3200,0.399875,2026-05-18 17:20:05,2026-05-18T17:20:05,1779124805.0,obspy_trace_stats_starttime
3023,3023.dat,3023,LBSSP_051826,2026-05-18,/Volumes/tachyon/LBSSP_DATA/GEODE_DATA/LBSSP_051826/3023.dat,True,SEG2,,72,8000.0,3200,0.399875,2026-05-18 17:23:35,2026-05-18T17:23:35,1779125015.0,obspy_trace_stats_starttime
3024,3024.dat,3024,LBSSP_051826,2026-05-18,/Volumes/tachyon/LBSSP_DATA/GEODE_DATA/LBSSP_051826/3024.dat,True,SEG2,,72,8000.0,3200,0.399875,2026-05-18 17:26:16,2026-05-18T17:26:16,1779125176.0,obspy_trace_stats_starttime
3025,3025.dat,3025,LBSSP_051826,2026-05-18,/Volumes/tachyon/LBSSP_DATA/GEODE_DATA/LBSSP_051826/3025.dat,True,SEG2,,72,8000.0,3200,0.399875,2026-05-18 17:29:19,2026-05-18T17:29:19,1779125359.0,obspy_trace_stats_starttime
3026,3026.dat,3026,LBSSP_051826,2026-05-18,/Volumes/tachyon/LBSSP_DATA/GEODE_DATA/LBSSP_051826/3026.dat,True,SEG2,,72,8000.0,3200,0.399875,2026-05-18 17:33:56,2026-05-18T17:33:56,1779125636.0,obspy_trace_stats_starttime
3027,3027.dat,3027,LBSSP_051826,2026-05-18,/Volumes/tachyon/LBSSP_DATA/GEODE_DATA/LBSSP_051826/3027.dat,True,SEG2,,72,8000.0,3200,0.399875,2026-05-18 17:37:23,2026-05-18T17:37:23,1779125843.0,obspy_trace_stats_starttime
3028,3028.dat,3028,LBSSP_051826,2026-05-18,/Volumes/tachyon/LBSSP_DATA/GEODE_DATA/LBSSP_051826/3028.dat,True,SEG2,,72,8000.0,3200,0.399875,2026-05-18 17:42:25,2026-05-18T17:42:25,1779126145.0,obspy_trace_stats_starttime
3029,3029.dat,3029,LBSSP_051826,2026-05-18,/Volumes/tachyon/LBSSP_DATA/GEODE_DATA/LBSSP_051826/3029.dat,True,SEG2,,72,8000.0,3200,0.399875,2026-05-18 17:45:18,2026-05-18T17:45:18,1779126318.0,obspy_trace_stats_starttime
3030,3030.dat,3030,LBSSP_051826,2026-05-18,/Volumes/tachyon/LBSSP_DATA/GEODE_DATA/LBSSP_051826/3030.dat,True,SEG2,,72,8000.0,3200,0.399875,2026-05-18 17:48:43,2026-05-18T17:48:43,1779126523.0,obspy_trace_stats_starttime
3031,3031.dat,3031,LBSSP_051826,2026-05-18,/Volumes/tachyon/LBSSP_DATA/GEODE_DATA/LBSSP_051826/3031.dat,True,SEG2,,72,8000.0,3200,0.399875,2026-05-18 17:51:52,2026-05-18T17:51:52,1779126712.0,obspy_trace_stats_starttime
3032,3032.dat,3032,LBSSP_051826,2026-05-18,/Volumes/tachyon/LBSSP_DATA/GEODE_DATA/LBSSP_051826/3032.dat,True,SEG2,,72,8000.0,3200,0.399875,2026-05-18 17:54:36,2026-05-18T17:54:36,1779126876.0,obspy_trace_stats_starttime
3033,3033.dat,3033,LBSSP_051826,2026-05-18,/Volumes/tachyon/LBSSP_DATA/GEODE_DATA/LBSSP_051826/3033.dat,True,SEG2,,72,8000.0,3200,0.399875,2026-05-18 17:56:32,2026-05-18T17:56:32,1779126992.0,obspy_trace_stats_starttime
3034,3034.dat,3034,LBSSP_051826,2026-05-18,/Volumes/tachyon/LBSSP_DATA/GEODE_DATA/LBSSP_051826/3034.dat,True,SEG2,,72,8000.0,3200,0.399875,2026-05-18 18:02:31,2026-05-18T18:02:31,1779127351.0,obspy_trace_stats_starttime
3035,3035.dat,3035,LBSSP_051826,2026-05-18,/Volumes/tachyon/LBSSP_DATA/GEODE_DATA/LBSSP_051826/3035.dat,True,SEG2,,72,8000.0,3200,0.399875,2026-05-18 18:05:21,2026-05-18T18:05:21,1779127521.0,obspy_trace_stats_starttime
3036,3036.dat,3036,LBSSP_051826,2026-05-18,/Volumes/tachyon/LBSSP_DATA/GEODE_DATA/LBSSP_051826/3036.dat,True,SEG2,,72,8000.0,3200,0.399875,2026-05-18 18:12:06,2026-05-18T18:12:06,1779127926.0,obspy_trace_stats_starttime
3037,3037.dat,3037,LBSSP_051826,2026-05-18,/Volumes/tachyon/LBSSP_DATA/GEODE_DATA/LBSSP_051826/3037.dat,True,SEG2,,72,8000.0,3200,0.399875,2026-05-18 18:14:47,2026-05-18T18:14:47,1779128087.0,obspy_trace_stats_starttime
3038,3038.dat,3038,LBSSP_051826,2026-05-18,/Volumes/tachyon/LBSSP_DATA/GEODE_DATA/LBSSP_051826/3038.dat,True,SEG2,,72,8000.0,3200,0.399875,2026-05-18 18:17:10,2026-05-18T18:17:10,1779128230.0,obspy_trace_stats_starttime
3039,3039.dat,3039,LBSSP_051826,2026-05-18,/Volumes/tachyon/LBSSP_DATA/GEODE_DATA/LBSSP_051826/3039.dat,True,SEG2,,72,8000.0,3200,0.399875,2026-05-18 18:20:05,2026-05-18T18:20:05,1779128405.0,obspy_trace_stats_starttime
3040,3040.dat,3040,LBSSP_051826,2026-05-18,/Volumes/tachyon/LBSSP_DATA/GEODE_DATA/LBSSP_051826/3040.dat,True,SEG2,,72,8000.0,3200,0.399875,2026-05-18 18:21:59,2026-05-18T18:21:59,1779128519.0,obspy_trace_stats_starttime
3041,3041.dat,3041,LBSSP_051826,2026-05-18,/Volumes/tachyon/LBSSP_DATA/GEODE_DATA/LBSSP_051826/3041.dat,True,SEG2,,72,8000.0,3200,0.399875,2026-05-18 18:24:30,2026-05-18T18:24:30,1779128670.0,obspy_trace_stats_starttime
3042,3042.dat,3042,LBSSP_051826,2026-05-18,/Volumes/tachyon/LBSSP_DATA/GEODE_DATA/LBSSP_051826/3042.dat,True,SEG2,,72,8000.0,3200,0.399875,2026-05-18 18:26:20,2026-05-18T18:26:20,1779128780.0,obspy_trace_stats_starttime
3043,3043.dat,3043,LBSSP_051826,2026-05-18,/Volumes/tachyon/LBSSP_DATA/GEODE_DATA/LBSSP_051826/3043.dat,True,SEG2,,72,8000.0,3200,0.399875,2026-05-18 18:28:21,2026-05-18T18:28:21,1779128901.0,obspy_trace_stats_starttime
3044,3044.dat,3044,LBSSP_051826,2026-05-18,/Volumes/tachyon/LBSSP_DATA/GEODE_DATA/LBSSP_051826/3044.dat,True,SEG2,,72,8000.0,3200,0.399875,2026-05-18 18:30:58,2026-05-18T18:30:58,1779129058.0,obspy_trace_stats_starttime
3045,3045.dat,3045,LBSSP_051826,2026-05-18,/Volumes/tachyon/LBSSP_DATA/GEODE_DATA/LBSSP_051826/3045.dat,True,SEG2,,72,8000.0,3200,0.399875,2026-05-18 18:34:59,2026-05-18T18:34:59,1779129299.0,obspy_trace_stats_starttime
3046,3046.dat,3046,LBSSP_051826,2026-05-18,/Volumes/tachyon/LBSSP_DATA/GEODE_DATA/LBSSP_051826/3046.dat,True,SEG2,,72,8000.0,3200,0.399875,2026-05-18 18:38:33,2026-05-18T18:38:33,1779129513.0,obspy_trace_stats_starttime
3047,3047.dat,3047,LBSSP_051826,2026-05-18,/Volumes/tachyon/LBSSP_DATA/GEODE_DATA/LBSSP_051826/3047.dat,True,SEG2,,72,8000.0,4800,0.599875,2026-05-18 20:18:44,2026-05-18T20:18:44,1779135524.0,obspy_trace_stats_starttime
3048,3048.dat,3048,LBSSP_051826,2026-05-18,/Volumes/tachyon/LBSSP_DATA/GEODE_DATA/LBSSP_051826/3048.dat,True,SEG2,,72,8000.0,4800,0.599875,2026-05-18 20:21:44,2026-05-18T20:21:44,1779135704.0,obspy_trace_stats_starttime
3049,3049.dat,3049,LBSSP_051826,2026-05-18,/Volumes/tachyon/LBSSP_DATA/GEODE_DATA/LBSSP_051826/3049.dat,True,SEG2,,72,8000.0,4800,0.599875,2026-05-18 20:26:16,2026-05-18T20:26:16,1779135976.0,obspy_trace_stats_starttime
3050,3050.dat,3050,LBSSP_051826,2026-05-18,/Volumes/tachyon/LBSSP_DATA/GEODE_DATA/LBSSP_051826/3050.dat,True,SEG2,,72,8000.0,4800,0.599875,2026-05-18 20:30:19,2026-05-18T20:30:19,1779136219.0,obspy_trace_stats_starttime
3051,3051.dat,3051,LBSSP_051826,2026-05-18,/Volumes/tachyon/LBSSP_DATA/GEODE_DATA/LBSSP_051826/3051.dat,True,SEG2,,72,8000.0,4800,0.599875,2026-05-18 20:33:18,2026-05-18T20:33:18,1779136398.0,obspy_trace_stats_starttime
3052,3052.dat,3052,LBSSP_051826,2026-05-18,/Volumes/tachyon/LBSSP_DATA/GEODE_DATA/LBSSP_051826/3052.dat,True,SEG2,,72,8000.0,4800,0.599875,2026-05-18 20:36:39,2026-05-18T20:36:39,1779136599.0,obspy_trace_stats_starttime
3053,3053.dat,3053,LBSSP_051826,2026-05-18,/Volumes/tachyon/LBSSP_DATA/GEODE_DATA/LBSSP_051826/3053.dat,True,SEG2,,72,8000.0,4800,0.599875,2026-05-18 20:39:41,2026-05-18T20:39:41,1779136781.0,obspy_trace_stats_starttime
3054,3054.dat,3054,LBSSP_051826,2026-05-18,/Volumes/tachyon/LBSSP_DATA/GEODE_DATA/LBSSP_051826/3054.dat,True,SEG2,,72,8000.0,4800,0.599875,2026-05-18 20:42:37,2026-05-18T20:42:37,1779136957.0,obspy_trace_stats_starttime
3055,3055.dat,3055,LBSSP_051826,2026-05-18,/Volumes/tachyon/LBSSP_DATA/GEODE_DATA/LBSSP_051826/3055.dat,True,SEG2,,72,8000.0,4800,0.599875,2026-05-18 20:46:57,2026-05-18T20:46:57,1779137217.0,obspy_trace_stats_starttime
3056,3056.dat,3056,LBSSP_051826,2026-05-18,/Volumes/tachyon/LBSSP_DATA/GEODE_DATA/LBSSP_051826/3056.dat,True,SEG2,,72,8000.0,4800,0.599875,2026-05-18 20:49:36,2026-05-18T20:49:36,1779137376.0,obspy_trace_stats_starttime
3057,3057.dat,3057,LBSSP_051826,2026-05-18,/Volumes/tachyon/LBSSP_DATA/GEODE_DATA/LBSSP_051826/3057.dat,True,SEG2,,72,8000.0,4800,0.599875,2026-05-18 20:54:32,2026-05-18T20:54:32,1779137672.0,obspy_trace_stats_starttime
3058,3058.dat,3058,LBSSP_051826,2026-05-18,/Volumes/tachyon/LBSSP_DATA/GEODE_DATA/LBSSP_051826/3058.dat,True,SEG2,,72,8000.0,4800,0.599875,2026-05-18 20:58:51,2026-05-18T20:58:51,1779137931.0,obspy_trace_stats_starttime
3059,3059.dat,3059,LBSSP_051826,2026-05-18,/Volumes/tachyon/LBSSP_DATA/GEODE_DATA/LBSSP_051826/3059.dat,True,SEG2,,72,8000.0,4800,0.599875,2026-05-18 21:02:30,2026-05-18T21:02:30,1779138150.0,obspy_trace_stats_starttime
3060,3060.dat,3060,LBSSP_051826,2026-05-18,/Volumes/tachyon/LBSSP_DATA/GEODE_DATA/LBSSP_051826/3060.dat,True,SEG2,,72,8000.0,4800,0.599875,2026-05-18 21:04:57,2026-05-18T21:04:57,1779138297.0,obspy_trace_stats_starttime
3061,3061.dat,3061,LBSSP_051826,2026-05-18,/Volumes/tachyon/LBSSP_DATA/GEODE_DATA/LBSSP_051826/3061.dat,True,SEG2,,72,8000.0,4800,0.599875,2026-05-18 21:07:29,2026-05-18T21:07:29,1779138449.0,obspy_trace_stats_starttime
3062,3062.dat,3062,LBSSP_051826,2026-05-18,/Volumes/tachyon/LBSSP_DATA/GEODE_DATA/LBSSP_051826/3062.dat,True,SEG2,,72,8000.0,4800,0.599875,2026-05-18 21:10:49,2026-05-18T21:10:49,1779138649.0,obspy_trace_stats_starttime
3063,3063.dat,3063,LBSSP_051826,2026-05-18,/Volumes/tachyon/LBSSP_DATA/GEODE_DATA/LBSSP_051826/3063.dat,True,SEG2,,72,8000.0,4800,0.599875,2026-05-18 21:13:20,2026-05-18T21:13:20,1779138800.0,obspy_trace_stats_starttime
3064,3064.dat,3064,LBSSP_051826,2026-05-18,/Volumes/tachyon/LBSSP_DATA/GEODE_DATA/LBSSP_051826/3064.dat,True,SEG2,,72,8000.0,4800,0.599875,2026-05-18 21:16:03,2026-05-18T21:16:03,1779138963.0,obspy_trace_stats_starttime
3065,3065.dat,3065,LBSSP_051826,2026-05-18,/Volumes/tachyon/LBSSP_DATA/GEODE_DATA/LBSSP_051826/3065.dat,True,SEG2,,72,8000.0,4800,0.599875,2026-05-18 21:18:11,2026-05-18T21:18:11,1779139091.0,obspy_trace_stats_starttime
3066,3066.dat,3066,LBSSP_051826,2026-05-18,/Volumes/tachyon/LBSSP_DATA/GEODE_DATA/LBSSP_051826/3066.dat,True,SEG2,,72,8000.0,4800,0.599875,2026-05-18 21:20:36,2026-05-18T21:20:36,1779139236.0,obspy_trace_stats_starttime
3067,3067.dat,3067,LBSSP_051826,2026-05-18,/Volumes/tachyon/LBSSP_DATA/GEODE_DATA/LBSSP_051826/3067.dat,True,SEG2,,72,8000.0,4800,0.599875,2026-05-18 21:29:11,2026-05-18T21:29:11,1779139751.0,obspy_trace_stats_starttime
3068,3068.dat,3068,LBSSP_051826,2026-05-18,/Volumes/tachyon/LBSSP_DATA/GEODE_DATA/LBSSP_051826/3068.dat,True,SEG2,,72,8000.0,4800,0.599875,2026-05-18 21:32:40,2026-05-18T21:32:40,1779139960.0,obspy_trace_stats_starttime
3069,3069.dat,3069,LBSSP_051826,2026-05-18,/Volumes/tachyon/LBSSP_DATA/GEODE_DATA/LBSSP_051826/3069.dat,True,SEG2,,72,8000.0,4800,0.599875,2026-05-18 21:36:41,2026-05-18T21:36:41,1779140201.0,obspy_trace_stats_starttime
3070,3070.dat,3070,LBSSP_051826,2026-05-18,/Volumes/tachyon/LBSSP_DATA/GEODE_DATA/LBSSP_051826/3070.dat,True,SEG2,,72,8000.0,4800,0.599875,2026-05-18 21:39:07,2026-05-18T21:39:07,1779140347.0,obspy_trace_stats_starttime
3071,3071.dat,3071,LBSSP_051826,2026-05-18,/Volumes/tachyon/LBSSP_DATA/GEODE_DATA/LBSSP_051826/3071.dat,True,SEG2,,72,8000.0,4800,0.599875,2026-05-18 21:43:50,2026-05-18T21:43:50,1779140630.0,obspy_trace_stats_starttime
3072,3072.dat,3072,LBSSP_051826,2026-05-18,/Volumes/tachyon/LBSSP_DATA/GEODE_DATA/LBSSP_051826/3072.dat,True,SEG2,,72,8000.0,4800,0.599875,2026-05-18 21:48:38,2026-05-18T21:48:38,1779140918.0,obspy_trace_stats_starttime
3073,3073.dat,3073,LBSSP_051826,2026-05-18,/Volumes/tachyon/LBSSP_DATA/GEODE_DATA/LBSSP_051826/3073.dat,True,SEG2,,72,8000.0,4800,0.599875,2026-05-18 21:51:38,2026-05-18T21:51:38,1779141098.0,obspy_trace_stats_starttime
3074,3074.dat,3074,LBSSP_051826,2026-05-18,/Volumes/tachyon/LBSSP_DATA/GEODE_DATA/LBSSP_051826/3074.dat,True,SEG2,,72,8000.0,4800,0.599875,2026-05-18 21:54:14,2026-05-18T21:54:14,1779141254.0,obspy_trace_stats_starttime
3075,3075.dat,3075,LBSSP_051826,2026-05-18,/Volumes/tachyon/LBSSP_DATA/GEODE_DATA/LBSSP_051826/3075.dat,True,SEG2,,72,8000.0,4800,0.599875,2026-05-18 21:58:22,2026-05-18T21:58:22,1779141502.0,obspy_trace_stats_starttime
3076,3076.dat,3076,LBSSP_051826,2026-05-18,/Volumes/tachyon/LBSSP_DATA/GEODE_DATA/LBSSP_051826/3076.dat,True,SEG2,,72,8000.0,4800,0.599875,2026-05-18 22:00:45,2026-05-18T22:00:45,1779141645.0,obspy_trace_stats_starttime
3077,3077.dat,3077,LBSSP_051826,2026-05-18,/Volumes/tachyon/LBSSP_DATA/GEODE_DATA/LBSSP_051826/3077.dat,True,SEG2,,72,8000.0,4800,0.599875,2026-05-18 22:04:12,2026-05-18T22:04:12,1779141852.0,obspy_trace_stats_starttime
3078,3078.dat,3078,LBSSP_051826,2026-05-18,/Volumes/tachyon/LBSSP_DATA/GEODE_DATA/LBSSP_051826/3078.dat,True,SEG2,,72,8000.0,4800,0.599875,2026-05-18 22:06:39,2026-05-18T22:06:39,1779141999.0,obspy_trace_stats_starttime
3079,3079.dat,3079,LBSSP_051826,2026-05-18,/Volumes/tachyon/LBSSP_DATA/GEODE_DATA/LBSSP_051826/3079.dat,True,SEG2,,72,8000.0,4800,0.599875,2026-05-18 22:10:45,2026-05-18T22:10:45,1779142245.0,obspy_trace_stats_starttime
3080,3080.dat,3080,LBSSP_051826,2026-05-18,/Volumes/tachyon/LBSSP_DATA/GEODE_DATA/LBSSP_051826/3080.dat,True,SEG2,,72,8000.0,4800,0.599875,2026-05-18 22:25:58,2026-05-18T22:25:58,1779143158.0,obspy_trace_stats_starttime
3081,3081.dat,3081,LBSSP_051826,2026-05-18,/Volumes/tachyon/LBSSP_DATA/GEODE_DATA/LBSSP_051826/3081.dat,True,SEG2,,72,8000.0,4800,0.599875,2026-05-18 22:30:24,2026-05-18T22:30:24,1779143424.0,obspy_trace_stats_starttime
3082,3082.dat,3082,LBSSP_051826,2026-05-18,/Volumes/tachyon/LBSSP_DATA/GEODE_DATA/LBSSP_051826/3082.dat,True,SEG2,,72,8000.0,4800,0.599875,2026-05-18 22:33:51,2026-05-18T22:33:51,1779143631.0,obspy_trace_stats_starttime
3083,3083.dat,3083,LBSSP_051826,2026-05-18,/Volumes/tachyon/LBSSP_DATA/GEODE_DATA/LBSSP_051826/3083.dat,True,SEG2,,72,8000.0,4800,0.599875,2026-05-18 22:40:02,2026-05-18T22:40:02,1779144002.0,obspy_trace_stats_starttime
3084,3084.dat,3084,LBSSP_051826,2026-05-18,/Volumes/tachyon/LBSSP_DATA/GEODE_DATA/LBSSP_051826/3084.dat,True,SEG2,,72,8000.0,4800,0.599875,2026-05-18 22:48:42,2026-05-18T22:48:42,1779144522.0,obspy_trace_stats_starttime
3085,3085.dat,3085,LBSSP_051826,2026-05-18,/Volumes/tachyon/LBSSP_DATA/GEODE_DATA/LBSSP_051826/3085.dat,True,SEG2,,72,8000.0,4800,0.599875,2026-05-18 22:51:59,2026-05-18T22:51:59,1779144719.0,obspy_trace_stats_starttime
3086,3086.dat,3086,LBSSP_051826,2026-05-18,/Volumes/tachyon/LBSSP_DATA/GEODE_DATA/LBSSP_051826/3086.dat,True,SEG2,,72,8000.0,4800,0.599875,2026-05-18 22:55:12,2026-05-18T22:55:12,1779144912.0,obspy_trace_stats_starttime
3087,3087.dat,3087,LBSSP_051826,2026-05-18,/Volumes/tachyon/LBSSP_DATA/GEODE_DATA/LBSSP_051826/3087.dat,True,SEG2,,72,8000.0,4800,0.599875,2026-05-18 22:58:25,2026-05-18T22:58:25,1779145105.0,obspy_trace_stats_starttime
3088,3088.dat,3088,LBSSP_051826,2026-05-18,/Volumes/tachyon/LBSSP_DATA/GEODE_DATA/LBSSP_051826/3088.dat,True,SEG2,,72,8000.0,4800,0.599875,2026-05-18 23:12:53,2026-05-18T23:12:53,1779145973.0,obspy_trace_stats_starttime
,._3022.dat,._3022,LBSSP_051826,2026-05-18,/Volumes/tachyon/LBSSP_DATA/GEODE_DATA/LBSSP_051826/._3022.dat,False,,TypeError('Unknown format for file /Volumes/tachyon/LBSSP_DATA/GEODE_DATA/LBSSP_051826/._3022.dat'),,,,,,,,
,._3024.dat,._3024,LBSSP_051826,2026-05-18,/Volumes/tachyon/LBSSP_DATA/GEODE_DATA/LBSSP_051826/._3024.dat,False,,TypeError('Unknown format for file /Volumes/tachyon/LBSSP_DATA/GEODE_DATA/LBSSP_051826/._3024.dat'),,,,,,,,
4001,4001.dat,4001,LBSSP_051926,2026-05-19,/Volumes/tachyon/LBSSP_DATA/GEODE_DATA/LBSSP_051926/4001.dat,True,SEG2,,72,8000.0,3200,0.399875,2026-05-19 16:10:04,2026-05-19T16:10:04,1779207004.0,obspy_trace_stats_starttime
4002,4002.dat,4002,LBSSP_051926,2026-05-19,/Volumes/tachyon/LBSSP_DATA/GEODE_DATA/LBSSP_051926/4002.dat,True,SEG2,,72,8000.0,3200,0.399875,2026-05-19 16:13:45,2026-05-19T16:13:45,1779207225.0,obspy_trace_stats_starttime
4003,4003.dat,4003,LBSSP_051926,2026-05-19,/Volumes/tachyon/LBSSP_DATA/GEODE_DATA/LBSSP_051926/4003.dat,True,SEG2,,72,8000.0,3200,0.399875,2026-05-19 16:17:08,2026-05-19T16:17:08,1779207428.0,obspy_trace_stats_starttime
4004,4004.dat,4004,LBSSP_051926,2026-05-19,/Volumes/tachyon/LBSSP_DATA/GEODE_DATA/LBSSP_051926/4004.dat,True,SEG2,,72,8000.0,3200,0.399875,2026-05-19 16:20:03,2026-05-19T16:20:03,1779207603.0,obspy_trace_stats_starttime
4005,4005.dat,4005,LBSSP_051926,2026-05-19,/Volumes/tachyon/LBSSP_DATA/GEODE_DATA/LBSSP_051926/4005.dat,True,SEG2,,72,8000.0,3200,0.399875,2026-05-19 16:22:37,2026-05-19T16:22:37,1779207757.0,obspy_trace_stats_starttime
4006,4006.dat,4006,LBSSP_051926,2026-05-19,/Volumes/tachyon/LBSSP_DATA/GEODE_DATA/LBSSP_051926/4006.dat,True,SEG2,,72,8000.0,3200,0.399875,2026-05-19 16:26:40,2026-05-19T16:26:40,1779208000.0,obspy_trace_stats_starttime
4007,4007.dat,4007,LBSSP_051926,2026-05-19,/Volumes/tachyon/LBSSP_DATA/GEODE_DATA/LBSSP_051926/4007.dat,True,SEG2,,72,8000.0,3200,0.399875,2026-05-19 16:29:26,2026-05-19T16:29:26,1779208166.0,obspy_trace_stats_starttime
4008,4008.dat,4008,LBSSP_051926,2026-05-19,/Volumes/tachyon/LBSSP_DATA/GEODE_DATA/LBSSP_051926/4008.dat,True,SEG2,,72,8000.0,3200,0.399875,2026-05-19 16:31:28,2026-05-19T16:31:28,1779208288.0,obspy_trace_stats_starttime
4009,4009.dat,4009,LBSSP_051926,2026-05-19,/Volumes/tachyon/LBSSP_DATA/GEODE_DATA/LBSSP_051926/4009.dat,True,SEG2,,72,8000.0,3200,0.399875,2026-05-19 16:33:28,2026-05-19T16:33:28,1779208408.0,obspy_trace_stats_starttime
4010,4010.dat,4010,LBSSP_051926,2026-05-19,/Volumes/tachyon/LBSSP_DATA/GEODE_DATA/LBSSP_051926/4010.dat,True,SEG2,,72,8000.0,3200,0.399875,2026-05-19 16:35:38,2026-05-19T16:35:38,1779208538.0,obspy_trace_stats_starttime
4011,4011.dat,4011,LBSSP_051926,2026-05-19,/Volumes/tachyon/LBSSP_DATA/GEODE_DATA/LBSSP_051926/4011.dat,True,SEG2,,72,8000.0,3200,0.399875,2026-05-19 16:37:39,2026-05-19T16:37:39,1779208659.0,obspy_trace_stats_starttime
4012,4012.dat,4012,LBSSP_051926,2026-05-19,/Volumes/tachyon/LBSSP_DATA/GEODE_DATA/LBSSP_051926/4012.dat,True,SEG2,,72,8000.0,3200,0.399875,2026-05-19 16:39:57,2026-05-19T16:39:57,1779208797.0,obspy_trace_stats_starttime
4013,4013.dat,4013,LBSSP_051926,2026-05-19,/Volumes/tachyon/LBSSP_DATA/GEODE_DATA/LBSSP_051926/4013.dat,True,SEG2,,72,8000.0,3200,0.399875,2026-05-19 16:42:23,2026-05-19T16:42:23,1779208943.0,obspy_trace_stats_starttime
4014,4014.dat,4014,LBSSP_051926,2026-05-19,/Volumes/tachyon/LBSSP_DATA/GEODE_DATA/LBSSP_051926/4014.dat,True,SEG2,,72,8000.0,3200,0.399875,2026-05-19 16:44:28,2026-05-19T16:44:28,1779209068.0,obspy_trace_stats_starttime
4015,4015.dat,4015,LBSSP_051926,2026-05-19,/Volumes/tachyon/LBSSP_DATA/GEODE_DATA/LBSSP_051926/4015.dat,True,SEG2,,72,8000.0,3200,0.399875,2026-05-19 16:47:06,2026-05-19T16:47:06,1779209226.0,obspy_trace_stats_starttime
4016,4016.dat,4016,LBSSP_051926,2026-05-19,/Volumes/tachyon/LBSSP_DATA/GEODE_DATA/LBSSP_051926/4016.dat,True,SEG2,,72,8000.0,3200,0.399875,2026-05-19 16:49:11,2026-05-19T16:49:11,1779209351.0,obspy_trace_stats_starttime
4017,4017.dat,4017,LBSSP_051926,2026-05-19,/Volumes/tachyon/LBSSP_DATA/GEODE_DATA/LBSSP_051926/4017.dat,True,SEG2,,72,8000.0,3200,0.399875,2026-05-19 16:51:08,2026-05-19T16:51:08,1779209468.0,obspy_trace_stats_starttime
4018,4018.dat,4018,LBSSP_051926,2026-05-19,/Volumes/tachyon/LBSSP_DATA/GEODE_DATA/LBSSP_051926/4018.dat,True,SEG2,,72,8000.0,3200,0.399875,2026-05-19 16:53:04,2026-05-19T16:53:04,1779209584.0,obspy_trace_stats_starttime
4019,4019.dat,4019,LBSSP_051926,2026-05-19,/Volumes/tachyon/LBSSP_DATA/GEODE_DATA/LBSSP_051926/4019.dat,True,SEG2,,72,8000.0,3200,0.399875,2026-05-19 16:56:23,2026-05-19T16:56:23,1779209783.0,obspy_trace_stats_starttime
4020,4020.dat,4020,LBSSP_051926,2026-05-19,/Volumes/tachyon/LBSSP_DATA/GEODE_DATA/LBSSP_051926/4020.dat,True,SEG2,,72,8000.0,3200,0.399875,2026-05-19 16:58:33,2026-05-19T16:58:33,1779209913.0,obspy_trace_stats_starttime
4021,4021.dat,4021,LBSSP_051926,2026-05-19,/Volumes/tachyon/LBSSP_DATA/GEODE_DATA/LBSSP_051926/4021.dat,True,SEG2,,72,8000.0,3200,0.399875,2026-05-19 17:00:36,2026-05-19T17:00:36,1779210036.0,obspy_trace_stats_starttime
4022,4022.dat,4022,LBSSP_051926,2026-05-19,/Volumes/tachyon/LBSSP_DATA/GEODE_DATA/LBSSP_051926/4022.dat,True,SEG2,,72,8000.0,3200,0.399875,2026-05-19 17:05:17,2026-05-19T17:05:17,1779210317.0,obspy_trace_stats_starttime
4023,4023.dat,4023,LBSSP_051926,2026-05-19,/Volumes/tachyon/LBSSP_DATA/GEODE_DATA/LBSSP_051926/4023.dat,True,SEG2,,72,8000.0,3200,0.399875,2026-05-19 17:07:22,2026-05-19T17:07:22,1779210442.0,obspy_trace_stats_starttime
4024,4024.dat,4024,LBSSP_051926,2026-05-19,/Volumes/tachyon/LBSSP_DATA/GEODE_DATA/LBSSP_051926/4024.dat,True,SEG2,,72,8000.0,3200,0.399875,2026-05-19 17:09:28,2026-05-19T17:09:28,1779210568.0,obspy_trace_stats_starttime
4025,4025.dat,4025,LBSSP_051926,2026-05-19,/Volumes/tachyon/LBSSP_DATA/GEODE_DATA/LBSSP_051926/4025.dat,True,SEG2,,72,8000.0,3200,0.399875,2026-05-19 17:12:08,2026-05-19T17:12:08,1779210728.0,obspy_trace_stats_starttime
4026,4026.dat,4026,LBSSP_051926,2026-05-19,/Volumes/tachyon/LBSSP_DATA/GEODE_DATA/LBSSP_051926/4026.dat,True,SEG2,,72,8000.0,3200,0.399875,2026-05-19 17:15:05,2026-05-19T17:15:05,1779210905.0,obspy_trace_stats_starttime
4027,4027.dat,4027,LBSSP_051926,2026-05-19,/Volumes/tachyon/LBSSP_DATA/GEODE_DATA/LBSSP_051926/4027.dat,True,SEG2,,72,8000.0,3200,0.399875,2026-05-19 17:17:49,2026-05-19T17:17:49,1779211069.0,obspy_trace_stats_starttime
4028,4028.dat,4028,LBSSP_051926,2026-05-19,/Volumes/tachyon/LBSSP_DATA/GEODE_DATA/LBSSP_051926/4028.dat,True,SEG2,,72,8000.0,3200,0.399875,2026-05-19 17:20:19,2026-05-19T17:20:19,1779211219.0,obspy_trace_stats_starttime
4029,4029.dat,4029,LBSSP_051926,2026-05-19,/Volumes/tachyon/LBSSP_DATA/GEODE_DATA/LBSSP_051926/4029.dat,True,SEG2,,72,8000.0,3200,0.399875,2026-05-19 17:22:44,2026-05-19T17:22:44,1779211364.0,obspy_trace_stats_starttime
4030,4030.dat,4030,LBSSP_051926,2026-05-19,/Volumes/tachyon/LBSSP_DATA/GEODE_DATA/LBSSP_051926/4030.dat,True,SEG2,,72,8000.0,3200,0.399875,2026-05-19 17:25:27,2026-05-19T17:25:27,1779211527.0,obspy_trace_stats_starttime
4031,4031.dat,4031,LBSSP_051926,2026-05-19,/Volumes/tachyon/LBSSP_DATA/GEODE_DATA/LBSSP_051926/4031.dat,True,SEG2,,72,8000.0,3200,0.399875,2026-05-19 17:29:19,2026-05-19T17:29:19,1779211759.0,obspy_trace_stats_starttime
4032,4032.dat,4032,LBSSP_051926,2026-05-19,/Volumes/tachyon/LBSSP_DATA/GEODE_DATA/LBSSP_051926/4032.dat,True,SEG2,,72,8000.0,3200,0.399875,2026-05-19 17:35:00,2026-05-19T17:35:00,1779212100.0,obspy_trace_stats_starttime
4033,4033.dat,4033,LBSSP_051926,2026-05-19,/Volumes/tachyon/LBSSP_DATA/GEODE_DATA/LBSSP_051926/4033.dat,True,SEG2,,72,8000.0,3200,0.399875,2026-05-19 17:37:35,2026-05-19T17:37:35,1779212255.0,obspy_trace_stats_starttime
4034,4034.dat,4034,LBSSP_051926,2026-05-19,/Volumes/tachyon/LBSSP_DATA/GEODE_DATA/LBSSP_051926/4034.dat,True,SEG2,,72,8000.0,3200,0.399875,2026-05-19 17:40:16,2026-05-19T17:40:16,1779212416.0,obspy_trace_stats_starttime
4035,4035.dat,4035,LBSSP_051926,2026-05-19,/Volumes/tachyon/LBSSP_DATA/GEODE_DATA/LBSSP_051926/4035.dat,True,SEG2,,72,8000.0,3200,0.399875,2026-05-19 17:43:42,2026-05-19T17:43:42,1779212622.0,obspy_trace_stats_starttime
4036,4036.dat,4036,LBSSP_051926,2026-05-19,/Volumes/tachyon/LBSSP_DATA/GEODE_DATA/LBSSP_051926/4036.dat,True,SEG2,,72,8000.0,3200,0.399875,2026-05-19 17:46:22,2026-05-19T17:46:22,1779212782.0,obspy_trace_stats_starttime
4037,4037.dat,4037,LBSSP_051926,2026-05-19,/Volumes/tachyon/LBSSP_DATA/GEODE_DATA/LBSSP_051926/4037.dat,True,SEG2,,72,8000.0,3200,0.399875,2026-05-19 17:49:51,2026-05-19T17:49:51,1779212991.0,obspy_trace_stats_starttime
4038,4038.dat,4038,LBSSP_051926,2026-05-19,/Volumes/tachyon/LBSSP_DATA/GEODE_DATA/LBSSP_051926/4038.dat,True,SEG2,,72,8000.0,3200,0.399875,2026-05-19 17:52:34,2026-05-19T17:52:34,1779213154.0,obspy_trace_stats_starttime
4039,4039.dat,4039,LBSSP_051926,2026-05-19,/Volumes/tachyon/LBSSP_DATA/GEODE_DATA/LBSSP_051926/4039.dat,True,SEG2,,72,8000.0,3200,0.399875,2026-05-19 18:00:38,2026-05-19T18:00:38,1779213638.0,obspy_trace_stats_starttime
4040,4040.dat,4040,LBSSP_051926,2026-05-19,/Volumes/tachyon/LBSSP_DATA/GEODE_DATA/LBSSP_051926/4040.dat,True,SEG2,,72,8000.0,3200,0.399875,2026-05-19 20:54:21,2026-05-19T20:54:21,1779224061.0,obspy_trace_stats_starttime
4041,4041.dat,4041,LBSSP_051926,2026-05-19,/Volumes/tachyon/LBSSP_DATA/GEODE_DATA/LBSSP_051926/4041.dat,True,SEG2,,72,8000.0,3200,0.399875,2026-05-19 20:56:54,2026-05-19T20:56:54,1779224214.0,obspy_trace_stats_starttime
4042,4042.dat,4042,LBSSP_051926,2026-05-19,/Volumes/tachyon/LBSSP_DATA/GEODE_DATA/LBSSP_051926/4042.dat,True,SEG2,,72,8000.0,3200,0.399875,2026-05-19 20:59:07,2026-05-19T20:59:07,1779224347.0,obspy_trace_stats_starttime
4043,4043.dat,4043,LBSSP_051926,2026-05-19,/Volumes/tachyon/LBSSP_DATA/GEODE_DATA/LBSSP_051926/4043.dat,True,SEG2,,72,8000.0,3200,0.399875,2026-05-19 21:01:45,2026-05-19T21:01:45,1779224505.0,obspy_trace_stats_starttime
4044,4044.dat,4044,LBSSP_051926,2026-05-19,/Volumes/tachyon/LBSSP_DATA/GEODE_DATA/LBSSP_051926/4044.dat,True,SEG2,,72,8000.0,3200,0.399875,2026-05-19 21:03:23,2026-05-19T21:03:23,1779224603.0,obspy_trace_stats_starttime
4045,4045.dat,4045,LBSSP_051926,2026-05-19,/Volumes/tachyon/LBSSP_DATA/GEODE_DATA/LBSSP_051926/4045.dat,True,SEG2,,72,8000.0,3200,0.399875,2026-05-19 21:05:26,2026-05-19T21:05:26,1779224726.0,obspy_trace_stats_starttime
4046,4046.dat,4046,LBSSP_051926,2026-05-19,/Volumes/tachyon/LBSSP_DATA/GEODE_DATA/LBSSP_051926/4046.dat,True,SEG2,,72,8000.0,3200,0.399875,2026-05-19 21:07:29,2026-05-19T21:07:29,1779224849.0,obspy_trace_stats_starttime
4047,4047.dat,4047,LBSSP_051926,2026-05-19,/Volumes/tachyon/LBSSP_DATA/GEODE_DATA/LBSSP_051926/4047.dat,True,SEG2,,72,8000.0,3200,0.399875,2026-05-19 21:09:59,2026-05-19T21:09:59,1779224999.0,obspy_trace_stats_starttime
4048,4048.dat,4048,LBSSP_051926,2026-05-19,/Volumes/tachyon/LBSSP_DATA/GEODE_DATA/LBSSP_051926/4048.dat,True,SEG2,,72,8000.0,3200,0.399875,2026-05-19 21:12:52,2026-05-19T21:12:52,1779225172.0,obspy_trace_stats_starttime
4049,4049.dat,4049,LBSSP_051926,2026-05-19,/Volumes/tachyon/LBSSP_DATA/GEODE_DATA/LBSSP_051926/4049.dat,True,SEG2,,72,8000.0,3200,0.399875,2026-05-19 21:15:27,2026-05-19T21:15:27,1779225327.0,obspy_trace_stats_starttime
4050,4050.dat,4050,LBSSP_051926,2026-05-19,/Volumes/tachyon/LBSSP_DATA/GEODE_DATA/LBSSP_051926/4050.dat,True,SEG2,,72,8000.0,3200,0.399875,2026-05-19 21:22:26,2026-05-19T21:22:26,1779225746.0,obspy_trace_stats_starttime
4051,4051.dat,4051,LBSSP_051926,2026-05-19,/Volumes/tachyon/LBSSP_DATA/GEODE_DATA/LBSSP_051926/4051.dat,True,SEG2,,72,8000.0,3200,0.399875,2026-05-19 21:24:18,2026-05-19T21:24:18,1779225858.0,obspy_trace_stats_starttime
4052,4052.dat,4052,LBSSP_051926,2026-05-19,/Volumes/tachyon/LBSSP_DATA/GEODE_DATA/LBSSP_051926/4052.dat,True,SEG2,,72,8000.0,3200,0.399875,2026-05-19 21:26:03,2026-05-19T21:26:03,1779225963.0,obspy_trace_stats_starttime
4053,4053.dat,4053,LBSSP_051926,2026-05-19,/Volumes/tachyon/LBSSP_DATA/GEODE_DATA/LBSSP_051926/4053.dat,True,SEG2,,72,8000.0,3200,0.399875,2026-05-19 21:28:11,2026-05-19T21:28:11,1779226091.0,obspy_trace_stats_starttime
4054,4054.dat,4054,LBSSP_051926,2026-05-19,/Volumes/tachyon/LBSSP_DATA/GEODE_DATA/LBSSP_051926/4054.dat,True,SEG2,,72,8000.0,3200,0.399875,2026-05-19 21:31:07,2026-05-19T21:31:07,1779226267.0,obspy_trace_stats_starttime
4055,4055.dat,4055,LBSSP_051926,2026-05-19,/Volumes/tachyon/LBSSP_DATA/GEODE_DATA/LBSSP_051926/4055.dat,True,SEG2,,72,8000.0,3200,0.399875,2026-05-19 21:34:07,2026-05-19T21:34:07,1779226447.0,obspy_trace_stats_starttime
4056,4056.dat,4056,LBSSP_051926,2026-05-19,/Volumes/tachyon/LBSSP_DATA/GEODE_DATA/LBSSP_051926/4056.dat,True,SEG2,,72,8000.0,3200,0.399875,2026-05-19 21:34:18,2026-05-19T21:34:18,1779226458.0,obspy_trace_stats_starttime
4057,4057.dat,4057,LBSSP_051926,2026-05-19,/Volumes/tachyon/LBSSP_DATA/GEODE_DATA/LBSSP_051926/4057.dat,True,SEG2,,72,8000.0,3200,0.399875,2026-05-19 21:40:23,2026-05-19T21:40:23,1779226823.0,obspy_trace_stats_starttime
4058,4058.dat,4058,LBSSP_051926,2026-05-19,/Volumes/tachyon/LBSSP_DATA/GEODE_DATA/LBSSP_051926/4058.dat,True,SEG2,,72,8000.0,3200,0.399875,2026-05-19 21:42:23,2026-05-19T21:42:23,1779226943.0,obspy_trace_stats_starttime
4059,4059.dat,4059,LBSSP_051926,2026-05-19,/Volumes/tachyon/LBSSP_DATA/GEODE_DATA/LBSSP_051926/4059.dat,True,SEG2,,72,8000.0,3200,0.399875,2026-05-19 21:44:24,2026-05-19T21:44:24,1779227064.0,obspy_trace_stats_starttime
4060,4060.dat,4060,LBSSP_051926,2026-05-19,/Volumes/tachyon/LBSSP_DATA/GEODE_DATA/LBSSP_051926/4060.dat,True,SEG2,,72,8000.0,3200,0.399875,2026-05-19 21:46:36,2026-05-19T21:46:36,1779227196.0,obspy_trace_stats_starttime
4061,4061.dat,4061,LBSSP_051926,2026-05-19,/Volumes/tachyon/LBSSP_DATA/GEODE_DATA/LBSSP_051926/4061.dat,True,SEG2,,72,8000.0,3200,0.399875,2026-05-19 21:48:40,2026-05-19T21:48:40,1779227320.0,obspy_trace_stats_starttime
4062,4062.dat,4062,LBSSP_051926,2026-05-19,/Volumes/tachyon/LBSSP_DATA/GEODE_DATA/LBSSP_051926/4062.dat,True,SEG2,,72,8000.0,3200,0.399875,2026-05-19 21:51:09,2026-05-19T21:51:09,1779227469.0,obspy_trace_stats_starttime
4063,4063.dat,4063,LBSSP_051926,2026-05-19,/Volumes/tachyon/LBSSP_DATA/GEODE_DATA/LBSSP_051926/4063.dat,True,SEG2,,72,8000.0,3200,0.399875,2026-05-19 21:53:20,2026-05-19T21:53:20,1779227600.0,obspy_trace_stats_starttime
4064,4064.dat,4064,LBSSP_051926,2026-05-19,/Volumes/tachyon/LBSSP_DATA/GEODE_DATA/LBSSP_051926/4064.dat,True,SEG2,,72,8000.0,3200,0.399875,2026-05-19 21:58:04,2026-05-19T21:58:04,1779227884.0,obspy_trace_stats_starttime
4065,4065.dat,4065,LBSSP_051926,2026-05-19,/Volumes/tachyon/LBSSP_DATA/GEODE_DATA/LBSSP_051926/4065.dat,True,SEG2,,72,8000.0,3200,0.399875,2026-05-19 22:01:07,2026-05-19T22:01:07,1779228067.0,obspy_trace_stats_starttime
4066,4066.dat,4066,LBSSP_051926,2026-05-19,/Volumes/tachyon/LBSSP_DATA/GEODE_DATA/LBSSP_051926/4066.dat,True,SEG2,,72,8000.0,3200,0.399875,2026-05-19 22:02:38,2026-05-19T22:02:38,1779228158.0,obspy_trace_stats_starttime
4067,4067.dat,4067,LBSSP_051926,2026-05-19,/Volumes/tachyon/LBSSP_DATA/GEODE_DATA/LBSSP_051926/4067.dat,True,SEG2,,72,8000.0,3200,0.399875,2026-05-19 22:04:04,2026-05-19T22:04:04,1779228244.0,obspy_trace_stats_starttime
4068,4068.dat,4068,LBSSP_051926,2026-05-19,/Volumes/tachyon/LBSSP_DATA/GEODE_DATA/LBSSP_051926/4068.dat,True,SEG2,,72,8000.0,3200,0.399875,2026-05-19 22:05:37,2026-05-19T22:05:37,1779228337.0,obspy_trace_stats_starttime
4069,4069.dat,4069,LBSSP_051926,2026-05-19,/Volumes/tachyon/LBSSP_DATA/GEODE_DATA/LBSSP_051926/4069.dat,True,SEG2,,72,8000.0,3200,0.399875,2026-05-19 22:07:19,2026-05-19T22:07:19,1779228439.0,obspy_trace_stats_starttime
4070,4070.dat,4070,LBSSP_051926,2026-05-19,/Volumes/tachyon/LBSSP_DATA/GEODE_DATA/LBSSP_051926/4070.dat,True,SEG2,,72,8000.0,3200,0.399875,2026-05-19 22:09:41,2026-05-19T22:09:41,1779228581.0,obspy_trace_stats_starttime
